Change ID,Impact Level,Change Type,Category Code,Category Name,Substantive,Confidence (%),Change Summary,Old Document Location (Page),Old Document Section,Old Requirement Text,New Document Location (Page),New Document Section,New Requirement Text,Numerical Changes,Obligation Analysis,Impact Explanation
CHG-0001,HIGH,MODIFIED,C11,Scope Change,Yes,50,Category: Scope Change. New obligation language introduced: shall Significant textual changes detected.,2,4,"4. With a view to provide REs adequate time to comply with the requirements, the",5,4,4. The scope of provisions contained in Chapter III shall be as under:,,ObligationDirection.INTRODUCED: New obligation language introduced: shall,
CHG-0002,LOW,MODIFIED,C03,Modified Requirement,Yes,51,Category: Modified Requirement. Obligation language removed: shall Significant textual changes detected.,5,(a),(a) These Directions shall be called the Reserve Bank of India (Outsourcing of,36,(a),"(a) Infrastructure as a Service (IaaS): The service provides computing,",,ObligationDirection.REMOVED: Obligation language removed: shall,
CHG-0003,LOW,MODIFIED,C03,Modified Requirement,Yes,51,Category: Modified Requirement. Obligation language removed: shall Significant textual changes detected.,5,(b),"(b) These Directions shall come into effect from October 1, 2023.",36,(b),(b) Platform as a Service (PaaS): The service provides software for,,ObligationDirection.REMOVED: Obligation language removed: shall,
CHG-0004,LOW,MODIFIED,C03,Modified Requirement,Yes,51,Category: Modified Requirement. Significant textual changes detected.,6,(i),"(i) all Banking Companies1, Corresponding New Banks and State Bank of",6,(i),(i) corporate internet banking services obtained by a bank as a corporate,,,
CHG-0005,LOW,MODIFIED,C12,Definition Change,Yes,53,Category: Definition Change. Significant textual changes detected.,6,(ii),(ii) Primary Co-operative Banks as defined under clause (ccv) of subsection,6,(ii),"(ii) activities unrelated to banking services like usage of courier, catering of staff,",,,
CHG-0006,MEDIUM,MODIFIED,C04,Threshold / Limit Change,Yes,51,Category: Threshold / Limit Change. Significant textual changes detected.,6,(iii),(iii) Non-Banking Financial Companies as defined under clause (f) of,7,(iii),(iii) SMS gateways (including bulk SMS service providers);,,,
CHG-0007,LOW,MODIFIED,C12,Definition Change,Yes,51,Category: Definition Change. Significant textual changes detected.,7,(iv),(iv) Credit Information Companies as defined under clause (e) of section,6,(iv),(iv) services and operations related to data centres;,,,
CHG-0008,MEDIUM,MODIFIED,C04,Threshold / Limit Change,Yes,51,Category: Threshold / Limit Change. Significant textual changes detected.,7,(v),"(v) EXIM Bank, National Bank for Agriculture and Rural Development",10,(v),(v) reviewing any adverse development mentioned in reports put up to Senior,,,
CHG-0009,MEDIUM,MODIFIED,C04,Threshold / Limit Change,Yes,55,Category: Threshold / Limit Change. Significant textual changes detected.,11,11,11. Role of the Senior Management,9,11,"11. The Board or a Committee of the Board to which powers have been delegated, as",,,
CHG-0010,LOW,MODIFIED,C14,Procedural Change,Yes,51,Category: Procedural Change. Significant textual changes detected.,12,(ii),(ii) appropriate redressal of customer grievances in a timely manner;,7,(ii),(ii) external audit services such as Vulnerability Assessment (VA) / Penetration,,,
CHG-0011,LOW,MODIFIED,C03,Modified Requirement,Yes,56,Category: Modified Requirement. Significant textual changes detected.,12,12,12. Role of IT Function,9,12,"12. In respect of outsourcing of financial services,",,,
CHG-0012,HIGH,MODIFIED,C04,Threshold / Limit Change,Yes,51,Category: Threshold / Limit Change. New obligation language introduced: shall Significant textual changes detected.,13,13,13. Due Diligence on Service Providers,10,13,"13. In respect of outsourcing of IT services, the Board shall be responsible, inter alia,",,ObligationDirection.INTRODUCED: New obligation language introduced: shall,
CHG-0013,MEDIUM,MODIFIED,C13,Exception / Exemption Change,Yes,52,Category: Exception / Exemption Change. Significant textual changes detected.,13,14,14. Aspects to be considered,11,14,"14. In this Chapter, unless the context otherwise requires, 'Material Outsourcing'",,,
CHG-0014,HIGH,MODIFIED,C03,Modified Requirement,Yes,54,"Category: Modified Requirement. New obligation language introduced: shall not, shall Significant textual changes detected.",15,16,16. Aspects to be considered in agreement,11,16,"16. A bank which desires to outsource financial services, shall not require prior",,"ObligationDirection.INTRODUCED: New obligation language introduced: shall not, shall",
CHG-0015,HIGH,MODIFIED,C03,Modified Requirement,Yes,52,Category: Modified Requirement. New obligation language introduced: shall Significant textual changes detected.,19,18,18. Business Continuity Plan and Disaster Recovery Plan,12,18,18. A bank shall ensure that:,,ObligationDirection.INTRODUCED: New obligation language introduced: shall,
CHG-0016,HIGH,MODIFIED,C04,Threshold / Limit Change,Yes,51,Category: Threshold / Limit Change. New obligation language introduced: shall Significant textual changes detected.,20,19,19. Monitoring and Control of Outsourced Activities,12,19,19. A bank shall be responsible for making Currency Transactions Reports (CTRs),,ObligationDirection.INTRODUCED: New obligation language introduced: shall,
CHG-0017,HIGH,MODIFIED,C05,Timeline Change,Yes,53,Category: Timeline Change. New obligation language introduced: shall Significant textual changes detected.,22,20,20. Outsourcing within a Group / Conglomerate,13,20,20. A bank intending to outsource any of its financial services shall put in place a,,ObligationDirection.INTRODUCED: New obligation language introduced: shall,
CHG-0018,HIGH,MODIFIED,C03,Modified Requirement,Yes,52,Category: Modified Requirement. New obligation language introduced: shall Significant textual changes detected.,24,1,"1. While considering adoption of cloud solution, it is imperative to analyse the business",4,1,1. These Directions shall be called the Reserve Bank of India (Commercial Banks -,,ObligationDirection.INTRODUCED: New obligation language introduced: shall,
CHG-0019,LOW,MODIFIED,C03,Modified Requirement,Yes,52,Category: Modified Requirement. Significant textual changes detected.,24,2,"2. In engaging cloud services, REs shall ensure, inter alia, that the Outsourcing of IT",4,2,2. These Directions shall come into force with immediate effect.,,,
CHG-0020,MEDIUM,MODIFIED,C11,Scope Change,Yes,52,Category: Scope Change. Significant textual changes detected.,24,3,"3. In adoption of cloud services, REs shall take into account the cloud service specific",4,3,3. These Directions shall be applicable to Scheduled Commercial Banks (hereinafter,,,
CHG-0021,LOW,MODIFIED,C03,Modified Requirement,Yes,51,Category: Modified Requirement. Significant textual changes detected.,27,7,7. Disaster Recovery & Cyber Resilience,8,7,7. Some other terms pertaining to outsourcing of financial services and IT services,,,
CHG-0022,LOW,MODIFIED,C03,Modified Requirement,Yes,52,Category: Modified Requirement. Obligation language removed: should Significant textual changes detected.,28,9,9. Audit and Assurance: The audit/ periodic review/ third-party certifications should,9,9,"9. The outsourcing of any activity by a bank does not diminish its obligations, and those",,ObligationDirection.REMOVED: Obligation language removed: should,
CHG-0023,LOW,MODIFIED,C03,Modified Requirement,Yes,68,Section Page 24 -> 91. Category: Modified Requirement. Moderate textual changes detected.,24,,There are several cloud deployment and service models that have emerged over time.,36,91,91. Several cloud deployment and service models have emerged over time. These are,,,
CHG-0024,MEDIUM,MODIFIED,C05,Timeline Change,Yes,66,Section Page 5 -> Page 4. Category: Timeline Change. Moderate textual changes detected.,5,,"1.
Short title and Commencement",4,,A. Short Title and Commencement,,,
CHG-0025,LOW,MODIFIED,C03,Modified Requirement,Yes,77,Section Page 2 -> Page 43. Category: Modified Requirement.,2,,"(T.K.Rajan)
Chief General Manager",43,,Chief General Manager,,,
CHG-0026,INFORMATIONAL,REWORDED,C17,Editorial Change,No,78,Section Page 24 -> Page 36. Category: Editorial Change.,24,,Usage of Cloud Computing Services,36,,F.4 Usage of Cloud Computing Services,,,
CHG-0027,INFORMATIONAL,REWORDED,C17,Editorial Change,No,79,Section Page 22 -> Page 34. Category: Editorial Change.,22,,Outsourcing within a Group / Conglomerate,34,,F.1 Outsourcing within a Group / Conglomerate,,,
CHG-0028,INFORMATIONAL,REWORDED,C17,Editorial Change,No,79,Section Page 20 -> Page 18. Category: Editorial Change.,20,,Monitoring and Control of Outsourced Activities,18,,F.3 Monitoring and Control of Outsourced Activities,,,
CHG-0029,LOW,MODIFIED,C03,Modified Requirement,Yes,67,Section Page 18 -> Page 28. Category: Modified Requirement. Moderate textual changes detected.,18,,"on need-to-know basis, with appropriate controls to prevent security breaches and/or data misuse.",28,,"'need to know' basis, with appropriate controls to prevent security breaches or data misuse;",,,
CHG-0030,LOW,MODIFIED,C03,Modified Requirement,Yes,76,Section Page 15 -> Page 29. Category: Modified Requirement.,15,,Outsourcing Agreement,29,,E.2 Outsourcing Agreement,,,
CHG-0031,LOW,MODIFIED,C03,Modified Requirement,Yes,65,Section Page 11 -> Page 25. Category: Modified Requirement. Moderate textual changes detected.,11,,"9.
 IT Outsourcing Policy",25,,C.1 Outsourcing Policy,,,
CHG-0032,LOW,MODIFIED,C03,Modified Requirement,Yes,76,Section Page 11 -> Page 33. Category: Modified Requirement.,11,,"8.
Inventory of Outsourced Services",33,,E.4 Inventory of Outsourced Services,,,
CHG-0033,INFORMATIONAL,REWORDED,C17,Editorial Change,No,78,Section Page 28 -> Page 41. Category: Editorial Change.,28,,"cover, as per applicability and cloud usage, inter alia, aspects such as roles and responsibilities of both RE and CSP in cloud governance, access and network controls, configurations, monitoring mechanism, data encryption, log review, change management, incident response, and resilience preparedness and testing, etc.",41,,"applicability and cloud usage, inter alia, aspects such as roles and responsibilities of both bank and CSP in cloud governance, access and network controls, configurations, monitoring mechanism, data encryption, log review,
change
management,
incident
response,
and
resilience preparedness and testing.",,,
CHG-0034,INFORMATIONAL,REWORDED,C17,Editorial Change,No,78,Section Page 11 -> Page 33. Category: Editorial Change.,11,,"(including key entities involved in their supply chains). Further, REs shall map their dependency on third parties and periodically evaluate the information received from the service providers.",33,,"(including key entities involved in their supply chains). Further, the bank shall map its dependency on third parties and periodically evaluate the information received from the service providers.",,,
CHG-0035,LOW,MODIFIED,C03,Modified Requirement,Yes,74,Section Page 24 -> Page 37. Category: Modified Requirement.,24,,"Services policy addresses the entire lifecycle of data, i.e., covering the entire span of time from generation of the data, its entry into the cloud, till the data is permanently erased/ deleted. The REs shall ensure that the procedures specified are consistent with business needs and legal and regulatory requirements.",37,,"these Directions, addresses the entire lifecycle of data, i.e., covering the entire span of time from generation of the data, to its entry into the cloud, and till the data is permanently erased or deleted. It shall also ensure that specified procedures are consistent with business needs, and legal and regulatory requirements;",,,
CHG-0036,LOW,MODIFIED,C03,Modified Requirement,Yes,71,Section Page 10 -> Page 12. Category: Modified Requirement. Obligation language removed: shall Moderate textual changes detected.,10,,"The RE shall consider all relevant laws, regulations, rules, guidelines and conditions of approval, licensing or registration, when performing its due diligence in relation to outsourcing of IT services.",12,,"(i)
all relevant laws, regulations, rules, guidelines and conditions of approval, licensing or registration have been considered when performing due diligence in relation to outsourcing;",,ObligationDirection.REMOVED: Obligation language removed: shall,
CHG-0037,LOW,MODIFIED,C03,Modified Requirement,Yes,74,Section Page 20 -> 70. Category: Modified Requirement.,20,,"a)
REs shall have in place a management structure to monitor and control its",31,70,70. A bank shall have in place a management structure to monitor and control its,,,
CHG-0038,MEDIUM,MODIFIED,C08,Reporting Requirement,Yes,63,Section Page 30 -> (xi). Category: Reporting Requirement. Moderate textual changes detected.,30,,"Systems (CPS) from another RE xi.
Business Correspondent (BC) services, payroll processing, statement printing",8,(xi),"(xi) Business Correspondent (BC) services, payroll processing, and statement",,,
CHG-0039,LOW,MODIFIED,C09,Documentation Requirement,Yes,71,Section Page 18 -> Page 28. Category: Documentation Requirement. Moderate textual changes detected.,18,,"(f)
In the event of multiple service provider relationships where two or more service providers collaborate to deliver an end-to-end solution, the RE remains responsible for understanding and monitoring the control environment of all service providers that have access to the RE's data, systems, records or resources.",28,,"service providers collaborate to deliver an end-to-end solution, the bank remains responsible for understanding and monitoring the control environment of all service providers that have access to its data, systems, records, or resources;",,,
CHG-0040,INFORMATIONAL,REWORDED,C17,Editorial Change,No,76,Section Page 31 -> Page 23. Category: Editorial Change.,31,,"Payment and Settlement Systems Act, 2007 for setting up and operating",23,,"and Settlement Systems Act, 2007 for setting up and operating Payment",,,
CHG-0041,LOW,MODIFIED,C03,Modified Requirement,Yes,63,Section Page 31 -> Page 24. Category: Modified Requirement. Moderate textual changes detected.,31,,IT infra/ IT services/ Information Security services in their role as independent third-party auditor/ consultant/ lead implementer.,24,,"related to IT infrastructure, IT services, or Information Security services, in their role as independent third-party auditor, consultant, or lead implementer.",,,
CHG-0042,LOW,MODIFIED,C03,Modified Requirement,Yes,64,Section (h) -> 56. Category: Modified Requirement. Moderate textual changes detected.,19,(h),(h) The RE shall ensure that cyber incidents are reported to the RE by the,25,56,56. A bank shall ensure that cyber incidents are reported to it by the service provider,,,
CHG-0043,LOW,MODIFIED,C09,Documentation Requirement,Yes,64,Section Page 22 -> Page 34. Category: Documentation Requirement. Obligation language removed: shall Moderate textual changes detected.,22,,"a)
The engagement of a service provider based in a different jurisdiction exposes the RE to country risk. To manage such risk, the RE shall closely monitor government policies of the jurisdiction in which the service provider is based and the political, social, economic and legal conditions on a continuous basis, as well as establish sound procedures for mitigating the country risk. This includes, inter alia, having appropriate contingency and exit strategies. Further, it shall be ensured that a",34,,"(i)
closely monitor government policies of the jurisdiction in which the service provider is based and the political, social, economic and legal conditions on a continuous basis, and establish sound procedures for mitigating the country risk. This includes, inter alia, having appropriate contingency and exit strategies;",,ObligationDirection.REMOVED: Obligation language removed: shall,
CHG-0044,LOW,MODIFIED,C03,Modified Requirement,Yes,71,Section (g) -> 26. Category: Modified Requirement. Moderate textual changes detected.,19,(g),(g) In instances where service provider acts as an outsourcing agent for,15,26,"26. In instances, where a service provider acts as an outsourcing agent for multiple",,,
CHG-0045,INFORMATIONAL,REWORDED,C17,Editorial Change,No,74,Section Page 19 -> Page 28. Category: Editorial Change.,19,,Incident Response and Recovery Management.,28,,Response and Recovery Management.,,,
CHG-0046,LOW,MODIFIED,C03,Modified Requirement,Yes,72,Section Page 29 -> Page 35. Category: Modified Requirement.,29,,Outsourcing of Security Operations Centre,35,,F.3 Outsourcing of Security Operations Centre (SOC),,,
CHG-0047,MEDIUM,MODIFIED,C08,Reporting Requirement,Yes,70,Section Page 18 -> Page 27. Category: Reporting Requirement. Obligation language removed: shall Moderate textual changes detected.,18,,"Services that shall comprehensively deal with the processes and responsibilities for identification, measurement, mitigation, management, and reporting of risks associated with Outsourcing of IT Services arrangements.",27,,"deals with the processes and responsibilities for identification, measurement, mitigation, management, and reporting of risks associated with such IT outsourcing arrangements.",,ObligationDirection.REMOVED: Obligation language removed: shall,
CHG-0048,MEDIUM,MODIFIED,C04,Threshold / Limit Change,Yes,69,Section Page 18 -> Page 27. Category: Threshold / Limit Change. Obligation language removed: shall Conditions removed: subject to. Moderate textual changes detected.,18,,"Board of Directors, Senior Management and IT Function. Such risk assessments shall be subject to internal and external quality assurance on a periodic basis as determined by the Board-approved policy.",27,,"with the roles and responsibilities of the Board of Directors, Senior Management, and IT Function, and subject the same to internal and external quality assurance on a periodic basis as determined by the Board-approved policy.",,ObligationDirection.REMOVED: Obligation language removed: shall Conditions removed: subject to.,
CHG-0049,LOW,MODIFIED,C15,Reference / Cross-Reference Change,Yes,71,Section Page 5 -> Page 4. Category: Reference / Cross-Reference Change. Moderate textual changes detected.,5,,"11 of the Credit Information Companies (Regulation) Act, 2005, and all other provisions/ laws enabling the Reserve Bank of India ('RBI') in this regard, the RBI being satisfied that it is necessary and expedient in the public interest to do so, hereby issues the Directions hereinafter specified.",4,,"Act, 1949, and all other provisions / laws enabling the Reserve Bank of India ('RBI') in this regard, RBI being satisfied that it is necessary and expedient in the public interest so to do, hereby, issues the Directions hereinafter specified.",,,
CHG-0050,HIGH,MODIFIED,C07,Compliance Requirement,Yes,70,Section Page 19 -> Page 28. Category: Compliance Requirement. Moderate textual changes detected.,19,,"5 As regards combining of data, it would suffice to comply with the following: A clear separation and isolation of
data (RE and its customer specific data and information) to ensure that only the personnel as authorised by the RE
is able to access data that belongs to them in a multi-tenant environment/ architecture.",28,,"stipulated in paragraph 26, it would suffice if there is clear separation and isolation of data (bank, and its customer specific data and information) to ensure that only the personnel as authorised by the bank is able to access data that belongs to them in a multi-tenant environment / architecture.",,,
CHG-0051,LOW,MODIFIED,C03,Modified Requirement,Yes,53,Section Page 22 -> Page 34. Category: Modified Requirement. Significant textual changes detected.,22,,Cross-Border Outsourcing,34,,F.2 Offshore or Cross-Border outsourcing,,,
CHG-0052,MEDIUM,MODIFIED,C04,Threshold / Limit Change,Yes,58,Section Page 25 -> Page 37. Category: Threshold / Limit Change. Moderate textual changes detected.,25,,"8 i.) NIST SP 800-210 General Access Control Guidance for Cloud Systems -
https://nvlpubs.nist.gov/nistpubs/SpecialPublications/NIST.SP.800-210.pdf
ii) MeitY's cloud security best practices document -
https://www.meity.gov.in/writereaddata/files/2.%20WI3_Cloud%20Security%20Best%20Practices_06112020.
pdf",37,,"General
Access
Control
Guidance
for
Cloud
Systems https://nvlpubs.nist.gov/nistpubs/SpecialPublications/NIST.SP.800-210.pdf",,,
CHG-0053,LOW,MODIFIED,C03,Modified Requirement,Yes,71,Section Page 11 -> 58. Category: Modified Requirement.,11,,"The Senior Management of the RE shall, inter alia, be responsible for:",25,58,"58. The Senior Management of a bank shall, inter alia, be responsible for:",,,
CHG-0054,LOW,MODIFIED,C03,Modified Requirement,Yes,68,Section Page 24 -> Page 36. Category: Modified Requirement. Moderate textual changes detected.,24,,"These are generally based on the extent of technology stack that is proposed to be adopted by the consuming entity. Each of these models6 come with corresponding service, business benefit and risk profiles.",36,,generally based on the extent of technology stack that is proposed to be adopted by the consuming entity.,,,
CHG-0055,LOW,MODIFIED,C15,Reference / Cross-Reference Change,Yes,71,Section Page 5 -> Page 4. Category: Reference / Cross-Reference Change.,5,,In exercise of the powers conferred by Section 35A read with Section 56 of the Banking,4,,In exercise of the powers conferred by Section 35A of the Banking Regulation,,,
CHG-0056,MEDIUM,MODIFIED,C04,Threshold / Limit Change,Yes,68,Section Page 29 -> Page 35. Category: Threshold / Limit Change. Moderate textual changes detected.,29,,"(systems, software, source code, processes, concepts, etc.); b) ensure that the RE has adequate oversight and ownership over the rule definition, customisation and related data/ logs, meta-data and analytics",35,,"(ii)
ensure that the bank has adequate oversight and ownership over the rule definition, customisation and related data / logs, meta-data and analytics",,,
CHG-0057,LOW,MODIFIED,C03,Modified Requirement,Yes,57,Section Page 8 -> Page 6. Category: Modified Requirement. Moderate textual changes detected.,8,,"(hardware, software or firmware); b)
Network and security solutions, maintenance (hardware, software or firmware); c)
Application Development, Maintenance and Testing; Application",6,,"(ii)
network and security solutions, and maintenance (hardware, software or firmware);",,,
CHG-0058,MEDIUM,MODIFIED,C04,Threshold / Limit Change,Yes,57,Section Page 15 -> Page 17. Category: Threshold / Limit Change. Moderate textual changes detected.,15,,"Outsourcing of IT Services) the following aspects: a)
details of the activity being outsourced, including appropriate service and performance standards including for the sub-contractors, if any;",17,,"(i)
details of the activity being outsourced, including appropriate service, and performance standards;",,,
CHG-0059,MEDIUM,MODIFIED,C04,Threshold / Limit Change,Yes,61,Section Page 19 -> Page 27. Category: Threshold / Limit Change. Obligation language removed: shall Moderate textual changes detected.,19,,"(j)
Concentration Risk: REs shall effectively assess the impact of concentration risk posed by multiple outsourcings to the same service provider and/or the concentration risk posed by outsourcing critical or material functions to a limited number of service providers.",27,,outsourcing arrangements to the same service provider and the concentration risk posed by outsourcing critical or material functions to a limited number of service providers.,,ObligationDirection.REMOVED: Obligation language removed: shall,
CHG-0060,LOW,MODIFIED,C03,Modified Requirement,Yes,61,Section Page 25 -> Page 38. Category: Modified Requirement. Moderate textual changes detected.,25,,"Considerations for selection of CSP: REs shall ensure that the selection of the CSP is based on a comprehensive risk assessment of the CSP. REs shall enter into a contract only with CSPs subject to jurisdictions that uphold enforceability of agreements and the rights available thereunder to REs, including those relating to aspects such as data storage, data protection and confidentiality.",38,,"assessment of the CSP. A bank shall enter into a contract only with CSPs that are subject to jurisdictions that uphold enforceability of agreements and the rights available thereunder to the bank, including those relating to aspects such as data storage, data protection, and confidentiality;",,,
CHG-0061,HIGH,MODIFIED,C07,Compliance Requirement,Yes,56,Section Page 12 -> Page 26. Category: Compliance Requirement. Moderate textual changes detected.,12,,"f)
ensuring an independent review and audit on a periodic basis for compliance with the legislations, regulations, Board-approved policy and performance standards and reporting the same to Board/ Board",26,,"with the legislations, regulations, Board-approved policy, and performance standards, and reporting the same to Board or a Committee of the Board; and",,,
CHG-0062,LOW,MODIFIED,C03,Modified Requirement,Yes,58,Section Page 20 -> Page 32. Category: Modified Requirement. Moderate textual changes detected.,20,,"REs to either pool their audit resources or engage an independent third- party auditor to jointly audit a common service provider. However, in doing so, it shall be the responsibility of REs in ensuring that the audit",32,,"from the same third-party service provider. In such scenarios, in lieu of conducting separate audits by individual REs of the common service provider, they may adopt pooled (shared) audit. This allows the relevant REs to either pool their audit resources or engage an independent third-party auditor to jointly audit a common service provider. However, in doing so, it shall be the responsibility of REs in ensuring that the audit requirements related to their respective contract with the service pr",,,
CHG-0063,LOW,MODIFIED,C03,Modified Requirement,Yes,67,Section 17 -> Page 27. Category: Modified Requirement. Moderate textual changes detected.,18,17,17. Risk Management Framework,27,,D.1 Risk Management Framework,,,
CHG-0064,MEDIUM,MODIFIED,C04,Threshold / Limit Change,Yes,60,Section Page 21 -> Page 32. Category: Threshold / Limit Change. Moderate textual changes detected.,21,,"requirements related to their respective contract with the service provider are met effectively. d)
The audits shall assess the performance of the service provider, adequacy of the risk management practices adopted by the service provider, compliance with laws and regulations, etc. The frequency of the audit shall be determined based on the nature and extent of risk and impact to the RE from the outsourcing arrangements. Reports on the monitoring and control activities shall be reviewed periodic",32,,"adequacy of the risk management practices adopted by the service provider, and compliance with laws and regulations. The frequency of the audit shall be determined based on the nature and extent of risk, and impact on the bank from the outsourcing arrangements. Reports on the monitoring and control activities shall be reviewed periodically by the Senior Management, and in case of any adverse development, the same shall be put up to the Board for information.",,,
CHG-0065,MEDIUM,MODIFIED,C13,Exception / Exemption Change,Yes,57,Section Page 7 -> Page 5. Category: Exception / Exemption Change. Moderate textual changes detected.,7,,"(b)
In the case of foreign banks operating in India through branch mode, reference to the Board or Board of Directors in these Directions should be read as reference to the Head Office or controlling office which has the oversight over the branch operations in India. Further, such foreign banks shall be subject to a 'comply or explain' approach wherein such foreign banks, may deviate from any specific part of these Directions subject to examination and acceptance by the RBI of a reasonably justi",5,,"Provided that in respect of foreign banks operating in India through branch mode, any reference to the Board or Board of Directors in these Directions shall be read as a reference to the Head Office or Controlling Office that has oversight over the branch operations in India. Additionally, with respect to the Directions contained in",,,
CHG-0066,MEDIUM,MODIFIED,C04,Threshold / Limit Change,Yes,60,Section Page 12 -> (vii). Category: Threshold / Limit Change. Moderate textual changes detected.,12,,"Committee; and g)
creating essential capacity with required skillsets within the organisation for proper oversight of outsourced activities.",26,(vii),(vii) creating essential capacity with required skillsets within the bank for proper,,,
CHG-0067,LOW,MODIFIED,C03,Modified Requirement,Yes,61,Section Page 17 -> Page 30. Category: Modified Requirement. Moderate textual changes detected.,17,,"n)
right to seek information from the service provider about the third parties",30,,"(xi)
right to seek information from the service provider about the third parties (in the supply chain) engaged by the former;",,,
CHG-0068,LOW,MODIFIED,C15,Reference / Cross-Reference Change,Yes,54,Section Page 14 -> (4). Category: Reference / Cross-Reference Change. Significant textual changes detected.,14,,"4 Sub-contractor in this Master Direction refers only to those providing material / significant IT services to the TPSP
specific to the material IT Services arrangement that the RE has entered into with the TPSP.",24,(4),(4) 'Sub-contractor' refers to those providing material / significant IT services to,,,
CHG-0069,MEDIUM,MODIFIED,C04,Threshold / Limit Change,Yes,58,Section Page 11 -> 77. Category: Threshold / Limit Change. Moderate textual changes detected.,11,,REs shall create an inventory of services provided by the service providers,33,77,77. A bank shall create an inventory of IT services outsourced to service providers,,,
CHG-0070,HIGH,MODIFIED,C07,Compliance Requirement,Yes,58,Section Page 17 -> Page 30. Category: Compliance Requirement. Moderate textual changes detected.,17,,"RBI or person(s) authorised by it to access the RE's IT infrastructure, applications, data, documents, and other necessary information given to, stored or processed by the service provider and/ or its sub-contractors in relation and as applicable to the scope of the outsourcing arrangement; p)
including clauses making the service provider contractually liable for the performance and risk management practices of its sub-contractors; q)
obligation of the service provider to comply with directions ",30,,"(xii)
right of RBI or person(s) authorised by it to perform inspection of the service provider and any of its sub-contractors and access the bank's IT infrastructure, applications, data, documents, and other necessary information given to, stored or processed by the service provider / or its sub- contractors, in relation and as applicable to the scope of the outsourcing arrangement;",,,
CHG-0071,MEDIUM,MODIFIED,C04,Threshold / Limit Change,Yes,53,Section Page 24 -> Page 37. Category: Threshold / Limit Change. Significant textual changes detected.,24,,"factors, viz., multi-tenancy, multi-location storing/ processing of data, etc., and attendant risks, while establishing appropriate risk management framework. Cloud security is a shared responsibility between the RE and the Cloud Service Provider",37,,"location storing or processing of data, and attendant risks while establishing appropriate risk management framework;",,,
CHG-0072,MEDIUM,MODIFIED,C15,Reference / Cross-Reference Change,Yes,56,Section Page 9 -> Page 8. Category: Reference / Cross-Reference Change. New obligation language introduced: may Moderate textual changes detected.,9,,"Information Technology Act, 2000 or Companies Act, 2013 and Rules made thereunder or any statutory modification or re-enactment thereto or as used in",8,,"Act, 2013 and Rules made thereunder, or any statutory modification or re-enactment thereto, or Glossary of Terms published by RBI or as used in commercial parlance, as the case may be.",,ObligationDirection.INTRODUCED: New obligation language introduced: may,
CHG-0073,MEDIUM,MODIFIED,C04,Threshold / Limit Change,Yes,56,Section Page 18 -> Page 27. Category: Threshold / Limit Change. Obligation language removed: shall Moderate textual changes detected.,18,,"(c)
REs shall be responsible for the confidentiality and integrity of data and information pertaining to the customers that is available to the service provider.",27,,information pertaining to its customers that are available to the service provider.,,ObligationDirection.REMOVED: Obligation language removed: shall,
CHG-0074,MEDIUM,MODIFIED,C04,Threshold / Limit Change,Yes,56,Section Page 19 -> Page 25. Category: Threshold / Limit Change. Moderate textual changes detected.,19,,"service provider without undue delay, so that the incident is reported by the",25,,"without undue delay, so that an incident is reported by the bank to the RBI within six hours of detection by the service provider.",,,
CHG-0075,MEDIUM,MODIFIED,C04,Threshold / Limit Change,Yes,51,Section Page 27 -> Page 40. Category: Threshold / Limit Change. Significant textual changes detected.,27,,Recovery (DR) drills at various levels of cloud services including necessary stakeholders.,40,,"preparedness and readiness for cyber resilience as regards cloud services in use by them through, inter alia, robust incident response and recovery practices including conduct of DR drills at various levels of cloud services including necessary stakeholders;",,,
CHG-0076,LOW,MODIFIED,C12,Definition Change,Yes,56,Section Page 15 -> Page 16. Category: Definition Change. Moderate textual changes detected.,15,,"The agreement shall be sufficiently flexible to allow the RE to retain adequate control over the outsourced activity and the right to intervene with appropriate measures to meet legal and regulatory obligations. d)
The agreement shall also bring out the nature of legal relationship between the parties.",16,,"arrangement are carefully defined in written agreements and vetted by the bank's legal counsel on their legal effect and enforceability. The agreement shall appropriately reckon the associated risks and the strategies for mitigating or managing them. The bank shall ensure that such an agreement is sufficiently flexible to allow it to retain an appropriate level of control over the outsourcing, and the right to intervene with appropriate measures to meet legal and regulatory obligations. The agre",,,
CHG-0077,HIGH,MODIFIED,C07,Compliance Requirement,Yes,51,Section Page 27 -> Page 40. Category: Compliance Requirement. Obligation relaxed from 'shall' to 'should' Significant textual changes detected.,27,,"a) the exit strategy and service level stipulations in the SLA shall factor in, inter alia, i) agreed processes and turnaround times for returning the RE's service
collaterals and data held by the CSP;",40,,"(a)
factor, inter alia, agreed processes and turnaround times for returning the bank's service collaterals and data held by the CSP; data completeness and portability; secure purge of bank's information from the CSP's environment; smooth transition of services; and unambiguous definition of liabilities, damages, penalties and indemnities, which should also be a part of the service level stipulations in SLA;",,ObligationDirection.RELAXED: Obligation relaxed from 'shall' to 'should',
CHG-0078,LOW,MODIFIED,C03,Modified Requirement,Yes,47,Section Page 6 -> Page 4. Category: Modified Requirement. Significant textual changes detected.,6,,"1 Includes banks incorporated outside India licensed to operate in India ('Foreign Banks'), Local Area Banks
(LABs), Small Finance Banks (SFBs), Payments Banks (PBs)",4,,"(other than Small Finance Banks, Local Area Banks, Payments Banks and Regional",,,
CHG-0079,MEDIUM,MODIFIED,C11,Scope Change,Yes,52,Section Page 20 -> Page 31. Category: Scope Change. Significant textual changes detected.,20,,"Outsourcing of IT Services) but not limited to monitoring the performance, uptime of the systems and resources, service availability, adherence to SLA requirements, incident response mechanism, etc. b)
RE shall conduct regular audits (as applicable to the scope of Outsourcing of IT Services) of service providers (including sub-contractors) with regard to the activity outsourced by it. Such audits may be conducted either by",31,,"outsourced services. This shall include (as applicable to the scope of Directions in this Chapter), but not be limited to, monitoring the performance, uptime of the systems and resources, service availability, adherence to SLA requirements, and incident response mechanism.",,,
CHG-0080,MEDIUM,MODIFIED,C13,Exception / Exemption Change,Yes,54,Section Page 7 -> 53. Category: Exception / Exemption Change. Moderate textual changes detected.,7,,"3.
Definitions a)
In these Directions, unless the context states otherwise, the terms herein shall bear the meanings assigned to them below:",23,53,"53. In this Chapter, unless the context otherwise requires, the terms herein shall bear",,,
CHG-0081,LOW,MODIFIED,C15,Reference / Cross-Reference Change,Yes,55,Section Page 6 -> Page 4. Category: Reference / Cross-Reference Change. Moderate textual changes detected.,6,,"India as defined under subsections (c), (da) and (nc) of section 5 of the",4,,"Rural Banks), corresponding new banks, and the State Bank of India, as defined respectively under clauses (c), (da), and (nc) of section 5 of the Banking Regulation",,,
CHG-0082,LOW,MODIFIED,C03,Modified Requirement,Yes,52,Section (a) -> 60. Category: Modified Requirement. Significant textual changes detected.,18,(a),(a) REs shall put in place a Risk Management framework for Outsourcing of IT,27,60,60. A bank shall put in place a risk management framework that comprehensively,,,
CHG-0083,LOW,MODIFIED,C03,Modified Requirement,Yes,58,Section Page 14 -> Page 29. Category: Modified Requirement. Moderate textual changes detected.,14,,"Outsourcing of IT Services arrangement; j)
information/ cyber security risk assessment; k)
ensuring that appropriate controls, assurance requirements and possible contractual arrangements are in place to ensure data protection and RE's access to the data which is processed, managed or stored by the service provider;",29,,"contractual arrangements are in place to ensure data protection and bank's access to the data which is processed, managed or stored by the service provider;",,,
CHG-0084,LOW,MODIFIED,C12,Definition Change,Yes,55,Section Page 15 -> Page 29. Category: Definition Change. Moderate textual changes detected.,15,,"a)
REs shall ensure that their rights and obligations and those of each of their service providers are clearly defined and set out in a legally binding written agreement. b)
In principle, the provisions of the agreement should appropriately reckon the criticality of the outsourced task to the business of the RE, the associated risks and the strategies for mitigating or managing them. c)
The terms and conditions governing the contract shall be carefully defined and vetted by the RE's legal counse",29,,"provider are clearly defined and set out in a legally binding written agreement, in line with the provisions specified in paragraph 33 of these Directions. In principle, the provisions of the agreement shall appropriately reckon the criticality of the outsourced task to the business of the bank, the associated risks, and the strategies for mitigating or managing them.",,,
CHG-0085,MEDIUM,MODIFIED,C11,Scope Change,Yes,51,Section Page 27 -> Page 39. Category: Scope Change. Obligation language removed: shall Significant textual changes detected.,27,,"iv) CSP has mechanisms in place to assess the sub-contractors with regards to confidentiality, integrity and availability of the data being shared with the sub-contractors, where applicable. e) Appropriate integration of logs, events from the CSP into the RE's SOC, wherever applicable and/ or retention of relevant logs in cloud shall be ensured for incident reporting and handling of incidents relating to services deployed on the cloud. f)
The RE's own efforts in securing its application shall be",39,,"bank's SOC, wherever applicable and retention of relevant logs in cloud for incident reporting and handling of incidents relating to services deployed on the cloud;",,ObligationDirection.REMOVED: Obligation language removed: shall,
CHG-0086,LOW,MODIFIED,C15,Reference / Cross-Reference Change,Yes,52,Section Page 9 -> Page 8. Category: Reference / Cross-Reference Change. Obligation language removed: shall Significant textual changes detected.,9,,"Direction. b)
All expressions unless defined herein shall have the same meaning as have been assigned to them under the Banking Regulation Act, 1949 or the Reserve Bank of India Act, 1934 or Credit Information Companies (Regulation) Act, 2005 or",8,,"been assigned to them under the Banking Regulation Act, 1949, or the Reserve",,ObligationDirection.REMOVED: Obligation language removed: shall,
CHG-0087,HIGH,MODIFIED,C07,Compliance Requirement,Yes,52,"Section Page 25 -> Page 37. Category: Compliance Requirement. Obligation language removed: should, can Significant textual changes detected.",25,,"documented cloud adoption policy. Such a policy should, inter alia, identify the activities that can be moved to the cloud, enable and support protection of various stakeholder interests, ensure compliance with regulatory requirements, including those on privacy, security, data sovereignty, recoverability and data storage requirements, aligned with data classification. The policy should provide for appropriate due diligence to manage and continually monitor the risks associated with CSPs.",37,,"(c)
ensure compliance with regulatory requirements, including those on privacy, security, data sovereignty, recoverability, and data storage requirements, aligned with data classification; and",,"ObligationDirection.REMOVED: Obligation language removed: should, can",
CHG-0088,LOW,MODIFIED,C09,Documentation Requirement,Yes,51,Section Page 22 -> Page 34. Category: Documentation Requirement. Significant textual changes detected.,22,,"Board-approved policy and appropriate service level arrangements/ agreements with its group entities are in place. b)
The selection of a group entity shall be based on objective reasons that are similar to selection of a third-party, and any conflicts of interest that such an outsourcing arrangement may entail shall be appropriately dealt with. c)
REs, at all times, shall maintain an arm's length relationship in dealings with their group entities. Risk management practices being adopted by the R",34,,group entities. Risk management practices being adopted by the bank while outsourcing to a group entity shall be identical to those specified for a non-related party.,,,
CHG-0089,LOW,MODIFIED,C09,Documentation Requirement,Yes,56,Section Page 19 -> Page 15. Category: Documentation Requirement. Moderate textual changes detected.,19,,"multiple REs, care shall be taken to build adequate safeguards so that there is no combining of information, documents, records and assets5.",15,,"entities, the bank shall take care to build strong safeguards so that there is no comingling or combining of information, documents, records, and assets.",,,
CHG-0090,MEDIUM,MODIFIED,C04,Threshold / Limit Change,Yes,51,"Section Page 13 -> Page 27. Category: Threshold / Limit Change. Obligation language removed: required, necessary Significant textual changes detected.",13,,"c)
effectively monitor and supervise the outsourced activity to ensure that the service providers meet the laid down performance standards and provide uninterrupted services, report to the Senior Management; co-ordinate periodic due diligence and highlight concerns, if any; and d)
putting in place necessary documentation required for contractual agreements including service level management, monitoring of vendor operations, key risk indicators and classifying the vendors as per the determined ri",27,,"including service level management, monitoring of vendor operations, key risk indicators, and classifying the vendors as per the determined risk.",,"ObligationDirection.REMOVED: Obligation language removed: required, necessary",
CHG-0091,MEDIUM,MODIFIED,C04,Threshold / Limit Change,Yes,50,Section Page 12 -> Page 26. Category: Threshold / Limit Change. Significant textual changes detected.,12,,"a)
formulating IT outsourcing policies and procedures, evaluating the risks and materiality of all existing and prospective IT outsourcing arrangements based on the framework commensurate with the complexity, nature and scope, in line with the enterprise-wide risk management of the organisation approved by the Board and its implementation; b)
prior evaluation of prospective IT outsourcing arrangements and periodic evaluation of the existing outsourcing arrangements covering the performance revie",26,,"(ii)
prior evaluation of prospective IT outsourcing arrangements and periodic evaluation
of
the
existing
outsourcing
arrangements
covering
the performance review, criticality and associated risks of all such arrangements based on the policy approved by the Board;",,,
CHG-0092,LOW,MODIFIED,C03,Modified Requirement,Yes,50,Section Page 11 -> Page 10. Category: Modified Requirement. Obligation language removed: shall Significant textual changes detected.,11,,"The Board of the RE shall be responsible, inter alia, for: a)
putting in place a framework for approval of IT outsourcing activities depending on risks and materiality; b)
approving policies to evaluate the risks and materiality of all existing and prospective IT outsourcing arrangements; and c)
setting up suitable administrative framework of Senior Management for the purpose of these Directions.",10,,"(i)
putting in place a framework for approval of outsourcing activities depending on risks and materiality;",,ObligationDirection.REMOVED: Obligation language removed: shall,
CHG-0093,LOW,MODIFIED,C03,Modified Requirement,Yes,50,Section Page 18 -> Page 15. Category: Modified Requirement. Obligation language removed: shall Significant textual changes detected.,18,,"stability and reputation. Hence, REs shall seek to ensure the preservation and protection of the security and confidentiality of customer information in the custody or possession of the service provider. Access to customer information by staff of the service provider shall be on need-to-know basis.",15,,customer information in the custody or possession of the service provider.,,ObligationDirection.REMOVED: Obligation language removed: shall,
CHG-0094,MEDIUM,MODIFIED,C11,Scope Change,Yes,53,Category: Scope Change. Obligation language removed: shall Moderate textual changes detected.,19,,"Plan (BCP) and Disaster Recovery Plan (DRP) commensurate with the nature and scope of the outsourced activity as per extant instructions issued by RBI from time to time on BCP/ DR requirements. b)
In establishing a viable contingency plan, REs shall consider the availability of alternative service providers or the possibility of bringing the outsourced activity back in-house in an emergency, and the costs, time and resources that would be involved.",19,,"alternative service providers or the possibility of bringing the outsourced activity back in-house in an emergency, and the costs, time, and resources that would be involved.",,ObligationDirection.REMOVED: Obligation language removed: shall,
CHG-0095,LOW,MODIFIED,C14,Procedural Change,Yes,47,Section Page 10 -> 93. Category: Procedural Change. Significant textual changes detected.,10,,"7.
Grievance Redressal Mechanism a)
REs shall have a robust grievance redressal mechanism that shall not be compromised in any manner on account of outsourcing, i.e., responsibility for redressal of customers' grievances related to outsourced services shall rest with the RE. b)
Outsourcing arrangements shall not affect the rights of a customer against the RE, including the ability of the customer to obtain redressal as applicable under relevant laws.",41,93,93. A bank shall have a robust grievance redressal mechanism that shall not be,,,
CHG-0096,LOW,MODIFIED,C03,Modified Requirement,Yes,48,Section Page 1 -> Page 6. Category: Modified Requirement. Significant textual changes detected.,1,,"The Chairman/Managing Director/Chief Executive Officer
Scheduled Commercial Banks (excluding Regional Rural Banks);
Local Area Banks; Small Finance Banks; Payments Banks;
Primary (Urban) Co-operative Banks;
Non-Banking Financial Companies;
Credit Information Companies; and
All India Financial Institutions (EXIM Bank, NABARD, NaBFID, NHB and SIDBI)",6,,Commercial Banks; Local Area Banks; Small Finance Banks; Payments,,,
CHG-0097,MEDIUM,MODIFIED,C04,Threshold / Limit Change,Yes,47,Section Page 8 -> Page 6. Category: Threshold / Limit Change. Significant textual changes detected.,8,,"Service Providers (ASPs) including ATM Switch ASPs; d)
Services and operations related to Data Centres; e)
Cloud Computing Services; f)
Managed Security Services; and g) Management of IT infrastructure and technology services associated with payment system ecosystem.",6,,Providers (ASPs) including ATM Switch ASPs;,,,
CHG-0098,HIGH,MODIFIED,C07,Compliance Requirement,Yes,51,"Section Page 20 -> Page 19. Category: Compliance Requirement. Obligation relaxed from 'shall, can' to 'can' Significant textual changes detected.",20,,"c)
In order to mitigate the risk of unexpected termination of the outsourcing agreement or insolvency/ liquidation of the service provider, REs shall retain an appropriate level of control over their IT-outsourcing arrangement along with right to intervene, with appropriate measures to continue its business operations. d)
REs shall ensure that service providers are able to isolate the REs' information, documents and records and other assets. This is to ensure that, in adverse conditions or termi",19,,"information, documents, and records, and other assets so that in adverse conditions or termination of the agreement, all documents, records of transactions and information with the service provider, and assets of the bank, can be removed from the possession of the service provider (in order to continue its business operations), or deleted, destroyed, or rendered unusable.",,"ObligationDirection.RELAXED: Obligation relaxed from 'shall, can' to 'can'",
CHG-0099,LOW,MODIFIED,C15,Reference / Cross-Reference Change,Yes,55,Section Page 6 -> Page 4. Category: Reference / Cross-Reference Change. Moderate textual changes detected.,6,,"Master Direction. ii. the agreements that come into force on or after October 1, 2023, shall comply with the provisions of these Directions from the date of agreement itself.",4,,"Directions, shall comply with the provisions of these Directions from the date of agreement itself.",,,
CHG-0100,MEDIUM,MODIFIED,C04,Threshold / Limit Change,Yes,49,Section Page 9 -> Page 24. Category: Threshold / Limit Change. Significant textual changes detected.,9,,"Board and Senior Management, who shall be ultimately responsible for the outsourced activity. RE shall take steps to ensure that the service provider employs the same high standard of care in performing the services as would have been employed by the RE, if the same activity was not outsourced. REs shall not engage an IT service provider that would result in reputation of RE being compromised or weakened. b)
Notwithstanding whether the service provider is located in India or abroad, the REs shal",24,,"paragraph 18 of these Directions, a bank shall ensure that the service provider, if not a group company, shall not be owned or controlled by any director, or key managerial personnel, or approver of the outsourcing arrangement of the bank, or their relatives. The terms 'control', 'director', 'key managerial personnel', and",,,
CHG-0101,MEDIUM,MODIFIED,C04,Threshold / Limit Change,Yes,50,Section (d) -> (1). Category: Threshold / Limit Change. Significant textual changes detected.,18,(d),(d) Access to data at RE's location / data centre by service providers shall be,28,(1),"(1) access by service providers to data at the bank, or its data centre shall be on",,,
CHG-0102,MEDIUM,MODIFIED,C05,Timeline Change,Yes,48,Section Page 13 -> (iii). Category: Timeline Change. Obligation language removed: shall Significant textual changes detected.,13,,"Due diligence shall involve evaluation of all available information, as applicable, about the service provider, including but not limited to: a)
past experience and demonstrated competence to implement and support the proposed IT activity over the contract period;",16,(iii),"(iii) past experience, and demonstrated competence to implement and support",,ObligationDirection.REMOVED: Obligation language removed: shall,
CHG-0103,MEDIUM,MODIFIED,C04,Threshold / Limit Change,Yes,48,Section Page 8 -> (i). Category: Threshold / Limit Change. Significant textual changes detected.,8,,"(ii)
""Material Outsourcing of IT Services"" are those which: a) if disrupted or compromised shall have the potential to significantly impact the RE's business operations; or b) may have material impact on the RE's customers in the event of any unauthorised access, loss or theft of customer information.",23,(i),(i) if disrupted or compromised shall have the potential to significantly impact,,,
CHG-0104,LOW,MODIFIED,C03,Modified Requirement,Yes,51,Section Page 19 -> Page 28. Category: Modified Requirement. Significant textual changes detected.,19,,"(i)
The REs shall review and monitor the control processes and security practices of the service provider to disclose security breaches. The REs shall immediately notify RBI in the event of breach of security and leakage of confidential customer related information. In these eventualities, REs shall adhere to the extant instructions issued by RBI from time to time on",28,,"confidential customer-related information. In these eventualities, the bank shall adhere to the extant instructions issued by RBI from time to time on Incident",,,
CHG-0105,MEDIUM,MODIFIED,C04,Threshold / Limit Change,Yes,52,Section Page 19 -> 40. Category: Threshold / Limit Change. Moderate textual changes detected.,19,,"a)
REs shall require their service providers to develop and establish a robust framework for documenting, maintaining and testing Business Continuity",19,40,40. A bank shall require its service provider to develop and establish a robust,,,
CHG-0106,MEDIUM,MODIFIED,C05,Timeline Change,Yes,49,Section Page 23 -> Page 33. Category: Timeline Change. Significant textual changes detected.,23,,"a)
The Outsourcing of IT Services policy shall contain a clear exit strategy with regard to outsourced IT activities/ IT enabled services, while ensuring business continuity during and after exit. The strategy should include exit strategy for different scenarios of exit or termination of services with stipulation of minimum period to execute such plans, as necessary. In documenting an exit strategy, the RE shall, inter alia, identify alternative arrangements, which may include performing the act",33,,"removal or destruction of data, hardware and all records (digital and physical), as applicable. Further, the outsourcing agreement shall ensure that the service provider is prohibited from erasing, purging, revoking, altering, or changing any data during the transition period, unless specifically advised by the regulator or the concerned bank.",,,
CHG-0107,LOW,MODIFIED,C09,Documentation Requirement,Yes,47,Section Page 27 -> Page 40. Category: Documentation Requirement. Obligation language removed: shall Significant textual changes detected.,27,,"CSP's cyber resilience controls. The CSP / RE shall ensure continuous and regular updates of security-related software including upgrades, fixes, patches and service packs for protecting the application from advanced threats/ malware. g) Vulnerability Management: REs shall ensure that CSPs have a well-governed and structured approach to manage threats and vulnerabilities supported by requisite industry-specific threat intelligence capabilities.",40,,"own application security measures, and that both the bank and the CSP maintain continuous and regular updates of security-related software, including upgrades, fixes, patches, and service packs, to safeguard applications against advanced threats and malware;",,ObligationDirection.REMOVED: Obligation language removed: shall,
CHG-0108,LOW,MODIFIED,C14,Procedural Change,Yes,42,Section Page 31 -> Page 23. Category: Procedural Change. Significant textual changes detected.,31,,"Payment Systems in India iii.
Partnership based Fintech firms such as those providing co-branded applications, service, products (would be considered under outsourcing of financial services) iv.
Services of Fintech firms for data retrieval, data validation and verification services such as (list is not exhaustive): a. Bank statement analysis b. GST returns analysis c. Fetching of vehicle information d. Digital document execution e. Data entry and Call centre services v.
Telecom Service Providers",23,,"verification, such as, bank statement analysis, GST returns analysis, fetching of vehicle information, digital document execution, data entry, and call centre services.;",,,
CHG-0109,HIGH,MODIFIED,C07,Compliance Requirement,Yes,51,Section Page 23 -> Page 35. Category: Compliance Requirement. Obligation language removed: shall Moderate textual changes detected.,23,,"c)
The right of the RE and the RBI to direct and conduct audit or inspection of the service provider based in a foreign jurisdiction shall be ensured. d)
The arrangement shall comply with all statutory requirements as well as regulations issued by the RBI from time to time.",35,,"(v)
ensure that the arrangement complies with all statutory requirements as well as regulations issued by the RBI from time to time.",,ObligationDirection.REMOVED: Obligation language removed: shall,
CHG-0110,LOW,MODIFIED,C03,Modified Requirement,Yes,49,Section Page 26 -> Page 38. Category: Modified Requirement. Obligation language removed: shall New conditions added: in case of. Significant textual changes detected.,26,,combination of components across the cloud architecture with minimal impact on data/ information security. b) Identity and Access Management (IAM): IAM shall be agreed upon with the,38,,"(d)
be resilient and enable smooth recovery in case of failure of any one or combination of components across the cloud architecture with minimal impact on data / information security;",,ObligationDirection.REMOVED: Obligation language removed: shall New conditions added: in case of.,
CHG-0111,LOW,MODIFIED,C03,Modified Requirement,Yes,45,Section Page 30 -> Page 23. Category: Modified Requirement. Significant textual changes detected.,30,,Services not considered under Outsourcing of IT Services,23,,"applications, products, and services (would be considered under outsourcing of financial services in Chapter III);",,,
CHG-0112,LOW,MODIFIED,C03,Modified Requirement,Yes,48,Section Page 29 -> Page 35. Category: Modified Requirement. Obligation language removed: shall Significant textual changes detected.,29,,"Security Service Provider (MSSP)) to which REs have lesser visibility. To mitigate the risks, in addition to the controls prescribed in these Directions, REs shall adopt the following requirements in the case of outsourcing of SOC operations: a) unambiguously identify the owner of assets used in providing the services",35,,"(i)
unambiguously identify the owner of assets used in providing the services",,ObligationDirection.REMOVED: Obligation language removed: shall,
CHG-0113,LOW,MODIFIED,C03,Modified Requirement,Yes,50,Section Page 9 -> Page 6. Category: Modified Requirement. Significant textual changes detected.,9,,Role of the Regulated Entity,6,,customer or sub-member of another Regulated Entity (RE);,,,
CHG-0114,MEDIUM,MODIFIED,C04,Threshold / Limit Change,Yes,44,Section Page 25 -> Page 38. Category: Threshold / Limit Change. Significant textual changes detected.,25,,"a) Service and Technology Architecture: REs shall ensure that the service and technology architecture supporting cloud-based applications is built in adherence to globally recognised architecture principles and standards. REs shall prefer a technology architecture that provides for secure container-based data management, where encryption keys and Hardware Security Modules are under the control of the RE. The architecture should provide for a standard set of tools and processes to manage containe",38,,applications is built in adherence to globally recognised architecture principles and standards. The technology architecture shall:,,,
CHG-0115,MEDIUM,MODIFIED,C13,Exception / Exemption Change,Yes,48,Section Page 10 -> Page 24. Category: Exception / Exemption Change. Obligation language removed: may Significant textual changes detected.,10,,"framed thereunder from time to time. However, an exception to this requirement may be made with the approval of Board/ Board level",24,,2013 and the Rules framed thereunder from time to time.,,ObligationDirection.REMOVED: Obligation language removed: may,
CHG-0116,HIGH,MODIFIED,C07,Compliance Requirement,Yes,48,"Section Page 16 -> Page 17. Category: Compliance Requirement. Obligation relaxed from 'required, necessary, can' to 'necessary, can' Significant textual changes detected.",16,,"b)
effective access by the RE to all data, books, records, information, logs, alerts and business premises relevant to the outsourced activity, available with the service provider; c)
regular monitoring and assessment of the service provider by the RE for continuous management of the risks holistically, so that any necessary corrective measure can be taken immediately; d)
type of material adverse events (e.g., data breaches, denial of service, service unavailability, etc.) and the incidents requ",17,,"service provider for continuous management of the risks holistically, so that any necessary corrective measure can be taken immediately;",,"ObligationDirection.RELAXED: Obligation relaxed from 'required, necessary, can' to 'necessary, can'",
CHG-0117,MEDIUM,MODIFIED,C13,Exception / Exemption Change,Yes,51,Section Page 22 -> 85. Category: Exception / Exemption Change. Moderate textual changes detected.,22,,"a)
A RE may outsource any IT activity/ IT enabled service within its business group/ conglomerate, provided that such an arrangement is backed by the",34,85,"85. A bank may outsource any IT service within its business group / conglomerate,",,,
CHG-0118,HIGH,MODIFIED,C11,Scope Change,Yes,44,"Section Page 24 -> Page 36. Category: Scope Change. New obligation language introduced: shall, may Significant textual changes detected.",24,,"7 For example, different heads of cloud related expenses could be application refactoring, integration, consulting,
migration, projected recurring expenditure depending on the workloads, etc.",36,,"adopted to the existing IT applications' footprint and associated costs. Such assessment shall include, but not be limited to, an analysis of various heads of cloud-related expenditure, such as application refactoring, integration, consulting, migration, and projected recurring expenditure depending on the nature of workloads. The extent of cloud adoption may vary, ranging from migration of non-business critical workloads to the cloud, to deployment of critical business applications such as SaaS",,"ObligationDirection.INTRODUCED: New obligation language introduced: shall, may",
CHG-0119,LOW,MODIFIED,C12,Definition Change,Yes,46,Section Page 8 -> (3). Category: Definition Change. Significant textual changes detected.,8,,"(v)
""Service Provider""3 means the provider of IT or IT enabled services including entities related to the RE or those which belong to the same group or conglomerate to which the RE belongs. Appendix III provides an indicative (but not exhaustive) list of a) Services/ Activities not",23,(3),(3) 'Service Provider' means provider of IT services including entities related to,,,
CHG-0120,MEDIUM,MODIFIED,C04,Threshold / Limit Change,Yes,47,Section Page 10 -> Page 24. Category: Threshold / Limit Change. Significant textual changes detected.,10,,"REs shall evaluate the need for Outsourcing of IT Services based on comprehensive assessment of attendant benefits, risks and availability of commensurate processes to manage those risks. REs shall inter-alia consider: a) determining the need for outsourcing based on criticality of activity to be outsourced; b) determining expectations and outcome from outsourcing; c) determining success factors and cost-benefit analysis; and d) deciding the model for outsourcing.",24,,"comprehensive assessment of attendant benefits, risks, and availability of commensurate processes to manage those risks. For this purpose, the bank shall, inter alia, consider the following:",,,
CHG-0121,MEDIUM,MODIFIED,C04,Threshold / Limit Change,Yes,46,Section Page 15 -> (viii). Category: Threshold / Limit Change. Significant textual changes detected.,15,,"l)
ability to effectively service all the customers while maintaining confidentiality, especially where a service provider has exposure to multiple entities; and m)
ability to enforce agreements and the rights available thereunder including those relating to aspects such as data storage, data protection and confidentiality.",29,(viii),"(viii) ability to enforce agreements, and the rights available thereunder including",,,
CHG-0122,MEDIUM,MODIFIED,C04,Threshold / Limit Change,Yes,42,Section Page 31 -> (i). Category: Threshold / Limit Change. Significant textual changes detected.,31,,"B. Vendors / Entities who are not considered as Third-Party Service Provider for the purpose of this Master Direction (an indicative but not exhaustive list) i.
Vendors providing business services using IT. Example - BCs ii.
Payment System Operators authorised by the Reserve Bank of India under the",23,(i),"(i) vendors providing business services using IT (e.g., BCs;);",,,
CHG-0123,MEDIUM,MODIFIED,C11,Scope Change,Yes,44,Section Page 12 -> (1). Category: Scope Change. Obligation language removed: shall Significant textual changes detected.,12,,"The responsibilities of the IT Function of the RE shall, inter alia, include: a)
assisting the Senior Management in identifying, measuring, monitoring, mitigating and managing the level of IT outsourcing risk in the organisation; b)
ensuring that a central database of all IT outsourcing arrangements is maintained and is accessible for review by Board, Senior Management,",26,(1),"(1) assisting the Senior Management in identifying, measuring, monitoring,",,ObligationDirection.REMOVED: Obligation language removed: shall,
CHG-0124,MEDIUM,MODIFIED,C04,Threshold / Limit Change,Yes,47,Section Page 21 -> Page 32. Category: Threshold / Limit Change. Significant textual changes detected.,21,,"REs of their responsibility in ensuring assurance on the controls and procedures required to safeguard data security (including availability of systems) at the service provider's end. f)
The RE shall periodically review the financial and operational condition of the service provider to assess its ability to continue to meet its Outsourcing of IT Services obligations. RE shall adopt risk-based approach in defining the periodicity. Such due diligence reviews shall highlight any deterioration or br",32,,"service provider to assess its ability to continue to meet its obligations. A bank shall adopt risk-based approach in defining the periodicity. Such due diligence reviews shall highlight any deterioration or breach in performance standards, confidentiality, security, and operational resilience preparedness.",,,
CHG-0125,MEDIUM,MODIFIED,C08,Reporting Requirement,Yes,48,Section Page 29 -> Page 35. Category: Reporting Requirement. Significant textual changes detected.,29,,"(specific to the RE); c) assess SOC functioning, including all physical facilities involved in service delivery, such as the SOC and areas where client data is stored / processed periodically; d) integrate the outsourced SOC reporting and escalation process with the RE's incident response process; and e) review the process of handling of the alerts / events.",35,,"delivery, such as the SOC and areas where client data is stored or processed periodically;",,,
CHG-0126,MEDIUM,MODIFIED,C11,Scope Change,Yes,48,Section Page 24 -> Page 36. Category: Scope Change. Significant textual changes detected.,24,,"REs shall adopt the following requirements for storage, computing and movement of data in cloud environments:",36,,"cloud deployment and service models, a bank that uses cloud services for storage, computing and movement of data in cloud environments shall, in addition to other applicable provisions in these Directions:",,,
CHG-0127,MEDIUM,MODIFIED,C11,Scope Change,Yes,41,Section Page 20 -> Page 11. Category: Scope Change. Significant textual changes detected.,20,,Outsourced IT activities. This shall include (as applicable to the scope of,11,,B. Activities that shall not be outsourced,,,
CHG-0128,LOW,MODIFIED,C09,Documentation Requirement,Yes,51,"Section Page 26 -> Page 38. Category: Documentation Requirement. Obligation language removed: shall, should, necessary, may Significant textual changes detected.",26,,"CSP and ensured for providing role-based access to the cloud hosted applications, in respect of user-access and privileged-access. Stringent access controls, as applicable for an on-premise application, may be established for identity and access management to cloud-based applications. Segregation of duties and role conflict matrix should be implemented for all kinds of user- access and privileged-access roles in the cloud-hosted application irrespective of the cloud service model. Access provisi",38,,"(b)
 implement segregation of duties, role conflict matrix for all kinds of user-access, and privileged-access roles in the cloud-hosted application irrespective of the cloud service model;",,"ObligationDirection.REMOVED: Obligation language removed: shall, should, necessary, may",
CHG-0129,LOW,MODIFIED,C03,Modified Requirement,Yes,72,Section Page 18 -> Page 27. Category: Modified Requirement.,18,,Risk Management,27,,D. Risk Management,,,
CHG-0130,LOW,MODIFIED,C12,Definition Change,Yes,52,Section Page 9 -> (2). Category: Definition Change. Significant textual changes detected.,9,,"considered under ""Outsourcing of IT Services"" for the purpose of this",23,(2),(2) 'Material Outsourcing of IT Services' are those which:,,,
CHG-0131,LOW,MODIFIED,C15,Reference / Cross-Reference Change,Yes,39,"Category: Reference / Cross-Reference Change. Date changed: April 10, 2023 -> November 28, 2025 (CHANGED) Significant textual changes detected.",1,,"RBI/2023-24/102
DoS.CO.CSITEG/SEC.1/31.01.015/2023-24
 April 10, 2023",1,,"RBI/DOR/2025-26/171
DOR.ORG.REC.No.90/21-04-158/2025-26



November 28, 2025","date: April 10, 2023 -> November 28, 2025 (CHANGED)",,
CHG-0132,LOW,MODIFIED,C03,Modified Requirement,Yes,71,Section Page 23 -> Page 33. Category: Modified Requirement.,23,,Exit Strategy,33,,E.6 Exit Strategy,,,
CHG-0133,LOW,MODIFIED,C12,Definition Change,Yes,48,Section Page 8 -> Page 12. Category: Definition Change. Obligation language removed: shall Significant textual changes detected.,8,,"(iii)
""Outsourcing"" shall be as defined in RBI 'Guidelines on Managing",12,,"(ii)
outsourcing, whether the service provider is located in India or outside, does not impede RBI in carrying out its supervisory functions and objectives, or diminish the ability of a bank to fulfil its obligations to the regulator / supervisor;",,ObligationDirection.REMOVED: Obligation language removed: shall,
CHG-0134,MEDIUM,MODIFIED,C04,Threshold / Limit Change,Yes,55,Section Page 11 -> Page 25. Category: Threshold / Limit Change. Obligation language removed: shall Significant textual changes detected.,11,,"An RE intending to outsource any of its IT activities shall put in place a comprehensive Board approved IT outsourcing policy. The policy shall incorporate, inter alia, the roles and responsibilities of the Board, Committees of the Board (if any) and Senior Management, IT function, business function as well as oversight and assurance functions in respect of outsourcing of IT services. It shall further cover the criteria for selection of such activities as well as service providers, parameters fo",25,,"(i)
the roles and responsibilities of the Board, Committees of the Board (if any) and Senior Management, IT function, business function, and oversight and assurance functions in respect of outsourcing of IT services;",,ObligationDirection.REMOVED: Obligation language removed: shall,
CHG-0135,LOW,MODIFIED,C03,Modified Requirement,Yes,42,"Section Page 6 -> Page 42. Category: Modified Requirement. Date changed: October 22, 2021 -> November
28,
2025 (CHANGED) Significant textual changes detected.",6,,"DOR.CRE.REC.No.60/03.10.001/2021-22 dated October 22, 2021 on",42,,"DOR.RRC.REC.302/33-01-010/2025-26
dated
November
28,
2025.
The","date: October 22, 2021 -> November
28,
2025 (CHANGED)",,
CHG-0136,MEDIUM,MODIFIED,C11,Scope Change,Yes,49,Section Page 9 -> (3). Category: Scope Change. Significant textual changes detected.,9,,"4.
 Regulatory and Supervisory requirements a)
Outsourcing of any activity shall not diminish RE's obligations as also of its",5,(3),(3) The provisions shall not apply to outsourcing of:,,,
CHG-0137,LOW,MODIFIED,C03,Modified Requirement,Yes,49,Section 4 -> (v). Category: Modified Requirement. Obligation language removed: shall Significant textual changes detected.,25,4,4. Cloud Governance: REs shall adopt and demonstrate a well-established and,37,(v),(v) put in place strong cloud governance by adopting and demonstrating a well-,,ObligationDirection.REMOVED: Obligation language removed: shall,
CHG-0138,MEDIUM,MODIFIED,C11,Scope Change,Yes,55,Section Page 28 -> Page 40. Category: Scope Change. Obligation language removed: should Significant textual changes detected.,28,,"ii) data completeness and portability; iii) secure purge of RE's information from the CSP's environment; iv) smooth transition of services; and v) unambiguous definition of liabilities, damages, penalties and indemnities. b) monitoring the ongoing design of applications and service delivery technology stack that the exit plans should align with. c) contractually agreed exit / termination plans should specify how the cloud- hosted service(s) and data will be moved out from the cloud with minimal ",40,,"(c)
include contractually agreed exit / termination plans, which specify how the cloud-hosted service(s) and data will be moved out from the cloud with minimal impact on continuity of the bank's business, while maintaining integrity and security; and",,ObligationDirection.REMOVED: Obligation language removed: should,
CHG-0139,CRITICAL,MODIFIED,C07,Compliance Requirement,Yes,49,Section 8 -> 80. Category: Compliance Requirement. Obligation strengthened from 'may' to 'shall' Significant textual changes detected.,27,8,8. The following points may be evaluated while developing an exit strategy:,33,80,80. The strategy shall include plans for different scenarios of exit or termination of,,ObligationDirection.STRENGTHENED: Obligation strengthened from 'may' to 'shall',
CHG-0140,LOW,MODIFIED,C12,Definition Change,Yes,56,Section Page 8 -> Page 6. Category: Definition Change. Significant textual changes detected.,8,,"(iv)
""Outsourcing of IT Services""2 shall include outsourcing of the following activities: a)
IT infrastructure management, maintenance and support",6,,"defined in paragraph 53(2). In this context, 'Outsourcing of IT Services' shall include outsourcing of the following services:",,,
CHG-0141,MEDIUM,MODIFIED,C04,Threshold / Limit Change,Yes,49,Section Page 13 -> Page 18. Category: Threshold / Limit Change. Significant textual changes detected.,13,,"a)
In considering or renewing an Outsourcing of IT Services arrangement, appropriate due diligence shall be performed to assess the capability of the service provider to comply with obligations in the outsourcing agreement on an ongoing basis. b)
A risk-based approach shall be adopted in conducting such due diligence activities. c)
Due diligence shall take into consideration qualitative, quantitative, financial, operational, legal and reputational factors. Where possible, the",18,,"condition of the service provider to assess its ability to continue to meet its outsourcing obligations. Such due diligence reviews, which shall be based on all available information about the service provider, shall highlight any deterioration or breach in performance standards, confidentiality, and security, and in operational resilience or business continuity preparedness.",,,
CHG-0142,HIGH,MODIFIED,C07,Compliance Requirement,Yes,48,Section Page 16 -> Page 30. Category: Compliance Requirement. Obligation language removed: permitted Significant textual changes detected.,16,,"RE to enable RE to take prompt risk mitigation measures and ensure compliance with statutory and regulatory guidelines; e)
compliance with the provisions of Information Technology Act, 2000, other applicable legal requirements and standards to protect the customer data; f)
the deliverables, including Service-Level Agreements (SLAs) formalising performance criteria to measure the quality and quantity of service levels; g)
storage of data (as applicable to the concerned REs) only in India as per e",30,,"(iv)
compliance with the provisions of Information Technology Act, 2000, and other applicable legal requirements and standards to protect the customer data;",,ObligationDirection.REMOVED: Obligation language removed: permitted,
CHG-0143,LOW,MODIFIED,C15,Reference / Cross-Reference Change,Yes,43,"Section Page 5 -> Page 4. Category: Reference / Cross-Reference Change. Date changed: October 1, 2023 -> April 10, 2026 (CHANGED) Significant textual changes detected.",5,,"I.
With respect to existing outsourcing arrangements that are already in force as on the date of issuance of this Master Direction, REs shall ensure that: i. the agreements that are due for renewal before October 1, 2023 shall comply with the provisions of these Directions as on the renewal date",4,,"Directions shall comply with the provisions of these Directions either at the time of renewal or by April 10, 2026, whichever is earlier. However, the bank's new IT outsourcing agreements that come into force on or after the effective date of these","date: October 1, 2023 -> April 10, 2026 (CHANGED)",,
CHG-0144,HIGH,MODIFIED,C04,Threshold / Limit Change,Yes,52,Section Page 29 -> Page 35. Category: Threshold / Limit Change. New obligation language introduced: shall Significant textual changes detected.,29,,Outsourcing of Security Operations Centre (SOC) operations has the risk of data being stored and processed at an external location and managed by a third party (Managed,35,,"(SOC) operations by a bank, such as data being stored and processed at an external location and managed by the service provider (or its subcontractors) to which the bank has lesser visibility, the bank, to mitigate the risks, shall adopt the following requirements in the case of outsourcing of SOC operations in addition to the controls prescribed in this Chapter:",,ObligationDirection.INTRODUCED: New obligation language introduced: shall,
CHG-0145,MEDIUM,MODIFIED,C11,Scope Change,Yes,48,Section Page 5 -> Page 9. Category: Scope Change. Obligation language removed: shall Significant textual changes detected.,5,,"II.
With respect to new outsourcing arrangements, REs shall ensure that:",9,,"existing and prospective outsourcing arrangements, and the policies that apply to such arrangements;",,ObligationDirection.REMOVED: Obligation language removed: shall,
CHG-0146,LOW,MODIFIED,C03,Modified Requirement,Yes,47,Section Page 10 -> (ii). Category: Modified Requirement. Significant textual changes detected.,10,,"5.
Comprehensive assessment of need for outsourcing and attendant risks",25,(ii),(ii) expectations and outcomes from outsourcing;,,,
CHG-0147,HIGH,MODIFIED,C04,Threshold / Limit Change,Yes,45,Section Page 30 -> Page 31. Category: Threshold / Limit Change. New obligation language introduced: may Significant textual changes detected.,30,,"A. Services / Activities not considered under ""Outsourcing of IT Services"" for the purpose of this Master Direction (an indicative but not exhaustive list) i.
Corporate Internet Banking services obtained by regulated entities as corporate customers/ sub members of another regulated entity ii.
External audit such as Vulnerability Assessment/ Penetration Testing (VA/PT),",31,,"Chapter), of service providers (including subcontractors) with regard to the service outsourced by it. Such audits may be conducted either by bank's internal or external auditors appointed to act on bank's behalf.",,ObligationDirection.INTRODUCED: New obligation language introduced: may,
CHG-0148,MEDIUM,MODIFIED,C04,Threshold / Limit Change,Yes,45,Section Page 7 -> Page 13. Category: Threshold / Limit Change. Obligation language removed: shall Significant textual changes detected.,7,,"(c)
These Directions shall apply to Material Outsourcing of Information",13,,"(ii)
parameters for defining 'material outsourcing' based on the broad criteria indicated in paragraph 14 of these Directions;",,ObligationDirection.REMOVED: Obligation language removed: shall,
CHG-0149,LOW,MODIFIED,C03,Modified Requirement,Yes,53,Section Page 5 -> Page 1. Category: Modified Requirement. Significant textual changes detected.,5,,"Reserve Bank of India (Outsourcing of Information Technology Services)
Directions, 2023",1,,Reserve Bank of India (Commercial Banks - Managing Risks in Outsourcing),,,
CHG-0150,HIGH,MODIFIED,C03,Modified Requirement,Yes,43,Section 22 -> (xvi). Category: Modified Requirement. New obligation language introduced: shall Significant textual changes detected.,23,22,22. Exit Strategy,40,(xvi),(xvi) develop an exit strategy that shall,,ObligationDirection.INTRODUCED: New obligation language introduced: shall,
CHG-0151,LOW,MODIFIED,C15,Reference / Cross-Reference Change,Yes,52,Section Page 5 -> Page 8. Category: Reference / Cross-Reference Change. Significant textual changes detected.,5,,"Regulation Act, 1949; Section 45L of the Reserve Bank of India Act, 1934 and Section",8,,"Bank of India Act, 1934 or the Information Technology Act, 2000 or the Companies",,,
CHG-0152,LOW,MODIFIED,C12,Definition Change,Yes,43,Section Page 7 -> (1). Category: Definition Change. Significant textual changes detected.,7,,Technology ('IT') Services arrangements (as defined in clause 3(a)(ii) below) entered by the REs.,23,(1),(1) 'IT services' means IT services / IT enabled services /IT activities.,,,
CHG-0153,MEDIUM,MODIFIED,C11,Scope Change,Yes,51,Section Page 6 -> Page 4. Category: Scope Change. Significant textual changes detected.,6,,"2.
Applicability",4,,B. Applicability and Scope,,,
CHG-0154,MEDIUM,MODIFIED,C11,Scope Change,Yes,46,Section Page 8 -> Page 42. Category: Scope Change. Significant textual changes detected.,8,,"Risks and Code of Conduct in Outsourcing of Financial Services by banks' issued vide circular DBOD.NO.BP.40/ 21.04.158/ 2006-07 dated November 3, 2006, as amended from time to time.",42,,"guidelines relating to outsourcing of financial services and IT services as applicable to Commercial Banks stand repealed, as communicated vide circular",,,
CHG-0155,MEDIUM,MODIFIED,C11,Scope Change,Yes,45,"Section Page 25 -> Page 39. Category: Scope Change. Obligation language removed: necessary, may Significant textual changes detected.",25,,"(CSP). REs may refer to some of the cloud security best practices8, for implementing necessary controls, as per applicability of the shared responsibility model in the adoption of cloud services.",39,,"(x)
define minimum monitoring requirements in the cloud environment and assess the information / cyber security capability of the CSP, to ensure that it:",,"ObligationDirection.REMOVED: Obligation language removed: necessary, may",
CHG-0156,MEDIUM,MODIFIED,C05,Timeline Change,Yes,44,Section Page 8 -> (1). Category: Timeline Change. Significant textual changes detected.,8,,"2 The term 'outsourcing' (unless mentioned explicitly as outsourcing of financial services), implies 'outsourcing of
IT Services/ IT enabled Services/ IT activities' and are used interchangeably in this Master Direction.
3 Depending upon the IT Outsourcing services provided (if any) by an RE to other RE(s), even an RE could be
considered as a service provider to other RE, within this Master Direction.",8,(1),(1) 'Outsourcing' means use of a third party (either an affiliated entity within a,,,
CHG-0157,LOW,MODIFIED,C15,Reference / Cross-Reference Change,Yes,52,Section Page 6 -> Page 22. Category: Reference / Cross-Reference Change. Significant textual changes detected.,6,,"section 45I of the Reserve Bank of India Act, 1934 and included in 'Top",22,,the provisions of Reserve Bank of India (Commercial Banks - Responsible,,,
CHG-0158,MEDIUM,MODIFIED,C13,Exception / Exemption Change,Yes,48,Section Page 2 -> Page 5. Category: Exception / Exemption Change. Significant textual changes detected.,2,,"Encl: Reserve Bank of India (Outsourcing of Information Technology Services)
Directions, 2023",5,,"Provided that for outsourced services relating to credit cards, the provisions set out in the Reserve Bank of India (Commercial Banks - Credit Cards and Debit",,,
CHG-0159,CRITICAL,MODIFIED,C07,Compliance Requirement,Yes,45,Section Page 15 -> 34. Category: Compliance Requirement. Obligation strengthened from 'should' to 'shall' Significant textual changes detected.,15,,The agreement at a minimum should include (as applicable to the scope of,17,34,34. Some of the key provisions of the agreement shall include:,,ObligationDirection.STRENGTHENED: Obligation strengthened from 'should' to 'shall',
CHG-0160,MEDIUM,MODIFIED,C04,Threshold / Limit Change,Yes,48,Section Page 14 -> Page 16. Category: Threshold / Limit Change. Significant textual changes detected.,14,,"b)
financial soundness and ability to service commitments even under adverse conditions; c)
business reputation and culture, compliance, complaints and outstanding or potential litigations; d)
conflict of interest, if any; e)
external factors like political, economic, social and legal environment of the jurisdiction in which the service provider operates and other events that may impact data security and service performance; f)
details of the technology, infrastructure stability, security and in",16,,jurisdiction in which the service provider operates and other events that may impact data security and service performance.,,,
CHG-0161,MEDIUM,MODIFIED,C04,Threshold / Limit Change,Yes,45,"Section Page 17 -> (ix). Category: Threshold / Limit Change. Obligation language removed: necessary, can Conditions removed: in case of. Significant textual changes detected.",17,,"RBI in relation to the activities outsourced to the service provider, through specific contractual terms and conditions specified by the RE; r)
clauses requiring prior approval/ consent of the RE for use of sub- contractors by the service provider for all or part of an outsourced activity; s)
termination rights of the RE, including the ability to orderly transfer the proposed IT-outsourcing arrangement to another service provider, if necessary or desirable; t) obligation of the service provider ",18,(ix),(ix) right of RBI to cause an inspection to be made of the service provider by one,,"ObligationDirection.REMOVED: Obligation language removed: necessary, can Conditions removed: in case of.",
CHG-0162,LOW,MODIFIED,C03,Modified Requirement,Yes,44,Section Page 1 -> (iii). Category: Modified Requirement. Significant textual changes detected.,1,,"India (Outsourcing of Information Technology Services) Directions, 2023 are enclosed herewith.",12,(iii),"(iii) outsourcing, whether the service provider is located in India or outside, does",,,
CHG-0163,LOW,MODIFIED,C03,Modified Requirement,Yes,47,Section 21 -> Page 34. Category: Modified Requirement. Significant textual changes detected.,22,21,21. Additional requirements for Cross-Border Outsourcing,34,,F. Specific Outsourcing Arrangements,,,
CHG-0164,MEDIUM,MODIFIED,C04,Threshold / Limit Change,Yes,44,Section Page 24 -> (ii). Category: Threshold / Limit Change. Obligation language removed: can Significant textual changes detected.,24,,"6 For example, some cloud service and deployment models are: a) Infrastructure as a Service (IaaS): The service
provides compute, storage, network, and other basic resources so that the client can develop and deploy their
applications. b) Platform as a Service (PaaS): The service provides software for building application, middleware,
database, development environment and other tools along with the infrastructure to the client. c) Software as a
Service (SaaS): Client uses the application(s) prov",36,(ii),"(ii) Besides the three common application services, Cloud Service Providers",,ObligationDirection.REMOVED: Obligation language removed: can,
CHG-0165,LOW,MODIFIED,C03,Modified Requirement,Yes,44,Section Page 24 -> (3). Category: Modified Requirement. Significant textual changes detected.,24,,"In addition to the Outsourcing of IT Services controls prescribed in these Directions,",27,(3),(3) effectively monitoring and supervising the outsourced IT service to ensure that,,,
CHG-0166,MEDIUM,MODIFIED,C04,Threshold / Limit Change,Yes,46,Section Page 20 -> Page 17. Category: Threshold / Limit Change. Obligation language removed: may Significant textual changes detected.,20,,"RE's internal auditors or external auditors appointed to act on RE's behalf. c)
While outsourcing various IT services, more than one RE may be availing services from the same third-party service provider. In such scenarios, in lieu of conducting separate audits by individual REs of the common service provider, they may adopt pooled (shared) audit. This allows the relevant",17,,"or external auditors, or by agents appointed to act on its behalf and to obtain copies of any audit or review reports and findings made on the service provider in conjunction with the services performed for the bank;",,ObligationDirection.REMOVED: Obligation language removed: may,
CHG-0167,LOW,MODIFIED,C15,Reference / Cross-Reference Change,Yes,46,Section Page 1 -> Page 24. Category: Reference / Cross-Reference Change. Significant textual changes detected.,1,,Master Direction on Outsourcing of Information Technology Services,24,,"(i)
the need for outsourcing based on materiality / criticality of service to be outsourced;",,,
CHG-0168,LOW,MODIFIED,C03,Modified Requirement,Yes,50,"Section Page 27 -> Page 40. Category: Modified Requirement. Obligation language removed: shall, should, can Significant textual changes detected.",27,,"a) The RE's business continuity framework shall ensure that, in the event of a disaster affecting its cloud services or failure of the CSP, the RE can continue its critical operations with minimal disruption of services while ensuring integrity and security. b) REs shall ensure that the CSP puts in place demonstrative capabilities for preparedness and readiness for cyber resilience as regards cloud services in use by them. This should be systematically ensured, inter alia, through robust inciden",40,,"operation of critical functions in the event of a disaster affecting the bank's cloud services or failure of the CSP, with minimal disruption to services, and without compromising data integrity and security;",,"ObligationDirection.REMOVED: Obligation language removed: shall, should, can",
CHG-0169,HIGH,MODIFIED,C04,Threshold / Limit Change,Yes,47,Section Page 1 -> (1). Category: Threshold / Limit Change. New obligation language introduced: shall Significant textual changes detected.,1,,"3.
The underlying principle of these Directions is to ensure that outsourcing arrangements neither diminish REs ability to fulfil its obligations to customers nor impede effective supervision by the RBI.",5,(1),(1) The provisions shall apply to outsourcing arrangements entered into by a bank,,ObligationDirection.INTRODUCED: New obligation language introduced: shall,
CHG-0170,HIGH,MODIFIED,C07,Compliance Requirement,Yes,45,Section Page 22 -> (xiv). Category: Compliance Requirement. Obligation language removed: shall Conditions removed: in case of. Significant textual changes detected.,22,,"RE and the RBI will not be affected even in case of liquidation of the service provider. b)
The governing law of the arrangement shall also be clearly specified. In principle, arrangements shall only be entered into with parties operating in jurisdictions upholding confidentiality clauses and agreements.",31,(xiv),(xiv) obligation of the service provider to comply with directions issued by the RBI,,ObligationDirection.REMOVED: Obligation language removed: shall Conditions removed: in case of.,
CHG-0171,LOW,MODIFIED,C03,Modified Requirement,Yes,42,Section Page 18 -> Page 33. Category: Modified Requirement. Obligation language removed: necessary Significant textual changes detected.,18,,with necessary approvals in line with the roles and responsibilities for the,33,,"Competent Authorities, as authorised under law.",,ObligationDirection.REMOVED: Obligation language removed: necessary,
CHG-0172,MEDIUM,MODIFIED,C15,Reference / Cross-Reference Change,Yes,45,Section Page 1 -> 55. Category: Reference / Cross-Reference Change. New obligation language introduced: shall Significant textual changes detected.,1,,"Developmental and Regulatory Policies dated February 10, 2022, proposed the issuance of suitable regulatory guidelines on Outsourcing of IT Services. Accordingly, a draft Master Direction on Outsourcing of IT Services was released for public comments in June 2022. Based on feedback received, the finalised Reserve Bank of",24,55,55. A bank shall evaluate the need for outsourcing of IT services based on a,,ObligationDirection.INTRODUCED: New obligation language introduced: shall,
CHG-0173,MEDIUM,MODIFIED,C11,Scope Change,Yes,45,Section Page 13 -> 66. Category: Scope Change. Obligation language removed: shall Significant textual changes detected.,13,,"RE shall obtain independent reviews and market feedback on the service provider to supplement its own assessment. d)
REs shall also consider, while evaluating the capability of the service provider, risks arising from concentration of outsourcing arrangements with a single or a few service provider/s.",28,66,66. The directions regarding service provider evaluation as applicable to outsourcing,,ObligationDirection.REMOVED: Obligation language removed: shall,
CHG-0174,MEDIUM,MODIFIED,C04,Threshold / Limit Change,Yes,46,Section Page 13 -> Page 28. Category: Threshold / Limit Change. Significant textual changes detected.,13,,Evaluation and Engagement of Service Providers,28,,E.1 Service Provider Evaluation,,,
CHG-0175,MEDIUM,MODIFIED,C05,Timeline Change,Yes,44,Section Page 5 -> Page 22. Category: Timeline Change. Significant textual changes detected.,5,,"Information Technology Services) Directions, 2023.",22,,"Business Conduct) Directions, 2025, and give wide publicity about it within the bank through electronic and print media;",,,
CHG-0176,CRITICAL,MODIFIED,C07,Compliance Requirement,Yes,44,Section Page 10 -> Page 4. Category: Compliance Requirement. New obligation language introduced: shall Significant textual changes detected.,10,,"6.
Compliance with all applicable statutory and regulatory requirements",4,,Provided further that nothing in the preceding proviso shall be construed as permitting non-compliance with any other extant regulatory instructions or statutory requirements applicable to such arrangements.,,ObligationDirection.INTRODUCED: New obligation language introduced: shall,
CHG-0177,HIGH,MODIFIED,C04,Threshold / Limit Change,Yes,41,Section Page 12 -> 37. Category: Threshold / Limit Change. New obligation language introduced: shall Significant textual changes detected.,12,,Auditors and Supervisors;,18,37,"37. Regular audits, by either the internal auditors or external auditors of a bank, shall",,ObligationDirection.INTRODUCED: New obligation language introduced: shall,
CHG-0178,CRITICAL,MODIFIED,C07,Compliance Requirement,Yes,44,Section Page 24 -> Page 37. Category: Compliance Requirement. Obligation strengthened from 'should' to 'shall' Significant textual changes detected.,24,,"strategy and goals adopted to the current IT applications footprint and associated costs7. Cloud adoption ranges from moving only non-business critical workloads to the cloud to moving critical business applications such as SaaS adoption and the several combinations in-between, which should be based on a business technology risk assessment.",37,,"established and documented cloud adoption policy. Such a policy shall, inter alia,",,ObligationDirection.STRENGTHENED: Obligation strengthened from 'should' to 'shall',
CHG-0179,MEDIUM,MODIFIED,C04,Threshold / Limit Change,Yes,42,Section Page 1 -> (iii). Category: Threshold / Limit Change. Significant textual changes detected.,1,,"(IT) and IT enabled Services (ITeS) to support their business models, products and services offered to their customers. REs also outsource substantial portion of their IT activities to third parties, which expose them to various risks.",26,(iii),"(iii) identifying IT outsourcing risks as they arise, monitoring, mitigating,",,,
CHG-0180,MEDIUM,MODIFIED,C04,Threshold / Limit Change,Yes,41,Section 5 -> Page 36. Category: Threshold / Limit Change. Significant textual changes detected.,25,5,5. Cloud Service Providers (CSP),36,,"(CSPs) also provide a range of services, viz., Database as a Service, Security as a Service, Storage as a Service, and others with varying risk levels.",,,
CHG-0181,LOW,MODIFIED,C12,Definition Change,Yes,54,Section Page 7 -> (2). Category: Definition Change. Moderate textual changes detected.,7,,"(i)
""Group"" shall be as defined in the 'Guidelines on Management of Intra-",8,(2),(2) 'Group' shall be as defined in the Reserve Bank of India (Commercial Banks -,,,
CHG-0182,HIGH,MODIFIED,C04,Threshold / Limit Change,Yes,45,Section Page 17 -> Page 5. Category: Threshold / Limit Change. New obligation language introduced: shall Significant textual changes detected.,17,,"(in the supply chain) engaged by the former; o)
recognising the authority of regulators to perform inspection of the service provider and any of its sub-contractors. Adding clauses to allow",5,,"this purpose, the outsourcing contract shall provide for prior approval or consent of the bank before a service provider engages any subcontractor for all or part of the outsourced activity. Before granting such consent, the bank shall review the subcontracting arrangement and ensure that the same complies with the",,ObligationDirection.INTRODUCED: New obligation language introduced: shall,
CHG-0183,LOW,MODIFIED,C09,Documentation Requirement,Yes,45,Section (b) -> 61. Category: Documentation Requirement. Significant textual changes detected.,18,(b),(b) The risk assessments carried out by the REs shall be suitably documented,27,61,61. A bank shall suitably document risk assessments with necessary approvals in line,,,
CHG-0184,LOW,MODIFIED,C03,Modified Requirement,Yes,41,Section 6 -> (ix). Category: Modified Requirement. Significant textual changes detected.,25,6,6. Cloud Services Management and Security Considerations,39,(ix),(ix) ensure that the implementation of security controls in the cloud-based,,,
CHG-0185,LOW,MODIFIED,C12,Definition Change,Yes,41,Section Page 6 -> Page 4. Category: Definition Change. Significant textual changes detected.,6,,"Banking Regulation Act, 1949 (collectively referred to as 'commercial banks' hereinafter)",4,,"For the purpose of these Directions, 'Commercial Banks' means banking companies",,,
CHG-0186,LOW,MODIFIED,C14,Procedural Change,Yes,46,Section 10 -> Page 26. Category: Procedural Change. Significant textual changes detected.,11,10,10. Role of the Board,26,,Board in a timely manner;,,,
CHG-0187,CRITICAL,MODIFIED,C07,Compliance Requirement,Yes,44,"Section Page 9 -> Page 43. Category: Compliance Requirement. Obligation strengthened from 'may' to 'shall, necessary, may' Significant textual changes detected.",9,,"RBI Directions / Circulars, as the case may be.",43,,"Directions, the RBI may, if it considers necessary, issue necessary clarifications in respect of any matter covered herein and the interpretation of any provision of these Directions given by the RBI shall be final and binding.",,"ObligationDirection.STRENGTHENED: Obligation strengthened from 'may' to 'shall, necessary, may'",
CHG-0188,LOW,MODIFIED,C03,Modified Requirement,Yes,41,Category: Modified Requirement. Significant textual changes detected.,7,,"('NABARD'),
National
Bank
for
Financing
Infrastructure
and",7,,Banks; Regional Rural Banks; Non-Banking Financial Companies in Base,,,
CHG-0189,LOW,MODIFIED,C03,Modified Requirement,Yes,43,Section Page 2 -> Page 5. Category: Modified Requirement. Obligation language removed: shall Significant textual changes detected.,2,,"enclosed Directions shall come into effect from October 1, 2023.",5,,Directions set out in Chapter III of these Directions.,,ObligationDirection.REMOVED: Obligation language removed: shall,
CHG-0190,MEDIUM,MODIFIED,C11,Scope Change,Yes,46,Section Page 6 -> 97. Category: Scope Change. Significant textual changes detected.,6,,"(a)
These Directions shall be applicable to the following entities, collectively referred to as 'regulated entities' or 'REs' in these directions:",42,97,"97. The provisions of these Directions shall be in addition to, and not in derogation of",,,
CHG-0191,LOW,MODIFIED,C03,Modified Requirement,Yes,48,Section Page 6 -> Page 4. Category: Modified Requirement. Significant textual changes detected.,6,,(hereinafter referred to as 'Urban Co-operative Banks' or 'UCBs').,4,,collectively referred to as 'banks' and individually as a 'bank').,,,
CHG-0192,MEDIUM,MODIFIED,C11,Scope Change,Yes,42,Category: Scope Change. Significant textual changes detected.,5,,"(preferably), but not later than 12 months from the date of issuance of this Master Direction. ii. the agreements that are due for renewal on or after October 1, 2023 shall comply with the provisions of these Directions as on the renewal date or",5,,"Cards: Issuance and Conduct) Directions, 2025, as amended from time to time, shall also apply to the applicable entities.",,,
CHG-0193,MEDIUM,MODIFIED,C04,Threshold / Limit Change,Yes,48,Section Page 30 -> Page 7. Category: Threshold / Limit Change. Significant textual changes detected.,30,,"NSE, BSE, etc. viii.
Platforms provided by entities like Reuters, Bloomberg, SWIFT, etc. ix.
Any other off the shelf products (like anti-virus software, email solution, etc.,) subscribed to by the regulated entity wherein only a license is procured with no/ minimal customisation x.
Services obtained by a RE as a sub-member of a Centralised Payment",7,,"solutions) subscribed to by a bank, wherein only a license is procured with no or minimal customisation;",,,
CHG-0194,LOW,MODIFIED,C15,Reference / Cross-Reference Change,Yes,40,Section Page 6 -> Page 22. Category: Reference / Cross-Reference Change. Significant textual changes detected.,6,,"1.4
and
1.3
respectively
of
the
Annex
to
RBI
circular",22,,"RBI's Integrated Ombudsman Scheme, 2021.",,,
CHG-0195,MEDIUM,MODIFIED,C08,Reporting Requirement,Yes,41,Section Page 10 -> (iv). Category: Reporting Requirement. Obligation language removed: shall Significant textual changes detected.,10,,"Committee, followed by appropriate disclosure, oversight and monitoring of such arrangements. The Board shall inter-alia ensure that there is no conflict of interest arising out of third-party engagements. d)
Additional requirements pertaining to usage of cloud computing services and outsourcing of Security Operations Center (SOC) services are outlined in Appendix I and Appendix II, respectively.",35,(iv),(iv) integrate the outsourced SOC reporting and escalation process with the,,ObligationDirection.REMOVED: Obligation language removed: shall,
CHG-0196,MEDIUM,MODIFIED,C08,Reporting Requirement,Yes,45,Section 2 -> Page 14. Category: Reporting Requirement. Significant textual changes detected.,1,2,"2. In order to ensure effective management of attendant risks, the Statement on",14,,E.1 Evaluation of the Risks,,,
CHG-0197,HIGH,MODIFIED,C03,Modified Requirement,Yes,42,Section Page 6 -> Page 10. Category: Modified Requirement. New obligation language introduced: shall Significant textual changes detected.,6,,"December 01, 2022 on 'Revised Regulatory Framework - Categorization of Urban Co-operative Banks (UCBs) for Regulatory Purposes'",10,,"(2)
the Audit Committee of the Board (ACB) of a bank shall:",,ObligationDirection.INTRODUCED: New obligation language introduced: shall,
CHG-0198,LOW,MODIFIED,C12,Definition Change,Yes,42,Section Page 6 -> Page 7. Category: Definition Change. Significant textual changes detected.,6,,"Layer', 'Upper Layer' and 'Middle Layer' as defined in paragraphs 1.5,",7,,"Layer (NBFC - BL), Middle Layer (NBFC - ML), and Upper Layer (NBFC -",,,
CHG-0199,LOW,MODIFIED,C03,Modified Requirement,Yes,42,Category: Modified Requirement. Significant textual changes detected.,7,,(hereinafter referred to as 'Credit Information Companies' or 'CICs').,7,,UL); All India Financial Institutions; Credit Information Companies; Urban,,,
CHG-0200,HIGH,MODIFIED,C04,Threshold / Limit Change,Yes,41,Section Page 6 -> 42. Category: Threshold / Limit Change. New obligation language introduced: shall Significant textual changes detected.,6,,"1 of section 56 of the Banking Regulation Act, 1949 and included in 'Tier",19,42,42. A bank shall ensure that its service providers are able to isolate the bank's,,ObligationDirection.INTRODUCED: New obligation language introduced: shall,
CHG-0201,MEDIUM,MODIFIED,C04,Threshold / Limit Change,Yes,40,Section Page 30 -> Page 6. Category: Threshold / Limit Change. Significant textual changes detected.,30,,"Information Systems Audit, security review iii.
SMS gateways (Bulk SMS service providers) iv.
Procurement of IT hardware/ appliances v.
Acquisition of IT software/ product/ application (like CBS, database, security solutions, etc.,) on a licence or subscription basis and any enhancements made to such licensed third-party application by its vendor (as upgrades) or on specific change request made by the RE. vi.
Any maintenance service (including security patches, bug fixes) for IT Infra or license",6,,"(i)
IT infrastructure management, maintenance and support (hardware, software or firmware);",,,
CHG-0202,HIGH,MODIFIED,C04,Threshold / Limit Change,Yes,45,"Section Page 9 -> Page 23. Category: Threshold / Limit Change. New obligation language introduced: shall not, shall New conditions added: provided that. Significant textual changes detected.",9,,Master Direction and b) Vendors / Entities who are not considered as,23,,"Provided that for the purpose of this Chapter, the following indicative (but not exhaustive) list of vendors and entities shall not be considered as 'Service",,"ObligationDirection.INTRODUCED: New obligation language introduced: shall not, shall New conditions added: provided that.",
CHG-0203,LOW,MODIFIED,C15,Reference / Cross-Reference Change,Yes,43,Section Page 7 -> Page 21. Category: Reference / Cross-Reference Change. Significant textual changes detected.,7,,"Export-Import Bank of India Act, 1981; the National Bank for Agriculture and Rural Development Act, 1981; the National Bank For Financing",21,,access to the data relating to Indian operations of the bank simply on the ground that the processing is being undertaken there;,,,
CHG-0204,HIGH,MODIFIED,C07,Compliance Requirement,Yes,46,Section Page 6 -> 98. Category: Compliance Requirement. Obligation language removed: shall Significant textual changes detected.,6,,"i. the agreements that come into force before October 1, 2023, shall comply with the provisions of these Directions as on the agreement date",43,98,98. For the purpose of giving effect to the provisions of these Directions or in order to,,ObligationDirection.REMOVED: Obligation language removed: shall,
CHG-0205,MEDIUM,MODIFIED,C04,Threshold / Limit Change,Yes,40,Section (e) -> Page 20. Category: Threshold / Limit Change. Significant textual changes detected.,18,(e),(e) Public confidence and customer trust in REs is a prerequisite for their,20,,"(i)
publicise the same so as to ensure that its customers do not continue to deal with the service provider; and",,,
CHG-0206,MEDIUM,MODIFIED,C04,Threshold / Limit Change,Yes,42,Section Page 7 -> Page 30. Category: Threshold / Limit Change. Significant textual changes detected.,7,,"2 of the Credit Information Companies (Regulation) Act, 2005",30,,"(vii)
clauses requiring the service provider to provide details of data (related to the bank and its customers) captured, processed, and stored;",,,
CHG-0207,MEDIUM,MODIFIED,C04,Threshold / Limit Change,Yes,42,Section Page 19 -> (3). Category: Threshold / Limit Change. Significant textual changes detected.,19,,RE to the RBI within 6 hours of detection by the TPSP.,28,(3),"(3) it immediately notifies RBI in the event of breach of security, and leakage of",,,
CHG-0208,MEDIUM,MODIFIED,C04,Threshold / Limit Change,Yes,38,Section Page 1 -> (vii). Category: Threshold / Limit Change. Significant textual changes detected.,1,,Regulated Entities (REs) have been extensively leveraging Information Technology,7,(vii),(vii) applications provided by financial sector regulators or institutions such as,,,
CHG-0209,HIGH,MODIFIED,C07,Compliance Requirement,Yes,41,Section 15 -> 84. Category: Compliance Requirement. Significant textual changes detected.,15,15,15. Legally binding agreement,34,84,84. In the event of termination of the outsourcing agreement for any reason in cases,,,
CHG-0210,HIGH,REMOVED,C02,Removed Requirement,Yes,90,"Content removed: Madam/Dear Sir,",1,,"Madam/Dear Sir,",,,,,,
CHG-0211,HIGH,REMOVED,C02,Removed Requirement,Yes,90,"Content removed: Yours faithfully,",2,,"Yours faithfully,",,,,,,
CHG-0212,HIGH,REMOVED,C02,Removed Requirement,Yes,90,"Content removed: DoS.CO.CSITEG/SEC.1/31.01.015/2023-24 April 10, 2023",5,,"DoS.CO.CSITEG/SEC.1/31.01.015/2023-24 April 10, 2023",,,,,,
CHG-0213,HIGH,REMOVED,C02,Removed Requirement,Yes,90,Content removed: Preliminary,5,,Preliminary,,,,,,
CHG-0214,HIGH,REMOVED,C02,Removed Requirement,Yes,90,Content removed: 36 months from the date of issuance of this Master Direction whichever is earlie,5,,36 months from the date of issuance of this Master Direction whichever is earlier.,,,,,,
CHG-0215,HIGH,REMOVED,C02,Removed Requirement,Yes,90,Content removed: (preferably) but not later than 12 months from the date of issuance of this,6,,(preferably) but not later than 12 months from the date of issuance of this,,,,,,
CHG-0216,HIGH,REMOVED,C02,Removed Requirement,Yes,90,Content removed: 3' and 'Tier 4' as defined in paragraphs 1.c and 1.d respectively of the,6,,3' and 'Tier 4' as defined in paragraphs 1.c and 1.d respectively of the,,,,,,
CHG-0217,HIGH,REMOVED,C02,Removed Requirement,Yes,90,Content removed: 'Scale Based Regulation (SBR): A Revised Regulatory Framework for,6,,'Scale Based Regulation (SBR): A Revised Regulatory Framework for,,,,,,
CHG-0218,HIGH,REMOVED,C02,Removed Requirement,Yes,90,Content removed: NBFCs' (hereinafter referred to as 'NBFCs').,6,,NBFCs' (hereinafter referred to as 'NBFCs').,,,,,,
CHG-0219,HIGH,REMOVED,C02,Removed Requirement,Yes,90,"Content removed: Development ('NaBFID'), National Housing Bank ('NHB') and Small",7,,"Development ('NaBFID'), National Housing Bank ('NHB') and Small",,,,,,
CHG-0220,HIGH,REMOVED,C02,Removed Requirement,Yes,90,Content removed: Industries Development Bank of India ('SIDBI') as established by the,7,,Industries Development Bank of India ('SIDBI') as established by the,,,,,,
CHG-0221,HIGH,REMOVED,C02,Removed Requirement,Yes,90,"Content removed: Infrastructure and Development Act, 2021; National Housing Bank Act,",7,,"Infrastructure and Development Act, 2021; National Housing Bank Act,",,,,,,
CHG-0222,HIGH,REMOVED,C02,Removed Requirement,Yes,90,"Content removed: 1987 and the Small Industries Development Bank of India Act, 1989, respectively ",7,,"1987 and the Small Industries Development Bank of India Act, 1989, respectively (hereinafter referred to as 'All India Financial Institutions or",,,,,,
CHG-0223,HIGH,REMOVED,C02,Removed Requirement,Yes,90,"Content removed: Group
Transactions
and
Exposures'
issued
vide
circular",7,,"Group
Transactions
and
Exposures'
issued
vide
circular",,,,,,
CHG-0224,HIGH,REMOVED,C02,Removed Requirement,Yes,90,"Content removed: DBOD.No.BP.BC.96/21.06.102/2013-14 dated February 11, 2014, as amended from time",7,,"DBOD.No.BP.BC.96/21.06.102/2013-14 dated February 11, 2014, as amended from time to time.",,,,,,
CHG-0225,HIGH,REMOVED,C02,Removed Requirement,Yes,90,Content removed: Third-Party Service Provider (TPSP) for the purpose of this Master,9,,Third-Party Service Provider (TPSP) for the purpose of this Master,,,,,,
CHG-0226,HIGH,REMOVED,C02,Removed Requirement,Yes,90,Content removed: **********************************,31,,**********************************,,,,,,
CHG-0227,HIGH,ADDED,C01,Added Requirement,Yes,90,New content added: Table of Contents,,,,1,,Table of Contents,,,
CHG-0228,HIGH,ADDED,C01,Added Requirement,Yes,90,"New content added: Managing Risks in Outsourcing) Directions, 2025.",,,,4,,"Managing Risks in Outsourcing) Directions, 2025.",,,
CHG-0229,HIGH,ADDED,C01,Added Requirement,Yes,90,New content added: Provided that a bank's existing Information Technology (IT) outsourcing agreemen,,,,4,,Provided that a bank's existing Information Technology (IT) outsourcing agreements regardless of whether they are due for renewal on or after the effective date of these,,,
CHG-0230,HIGH,ADDED,C01,Added Requirement,Yes,90,"New content added: 'comply or explain' approach, which shall allow them to deviate from any specifi",,,,5,,"'comply or explain' approach, which shall allow them to deviate from any specific provision of those Directions, subject to examination and acceptance by RBI of a reasonably justifiable explanation for such deviation.",,,
CHG-0231,HIGH,ADDED,C01,Added Requirement,Yes,90,New content added: with a service provider which may be either a member of the group / conglomerate,,,,5,,"with a service provider which may be either a member of the group / conglomerate to which the bank belongs, or an unrelated party, which is located in India or elsewhere, for outsourcing of financial services like applications processing (loan origination, credit card), document processing, marketing and research, supervision of loans, data processing and back office related activities.",,,
CHG-0232,HIGH,ADDED,C01,Added Requirement,Yes,90,New content added: (2),,,,5,(2),"(2) The provisions shall also apply, mutatis mutandis, to subcontracted activities. For",,,
CHG-0233,HIGH,ADDED,C01,Added Requirement,Yes,90,New content added: (i),,,,5,(i),"(i) IT services as defined in paragraph 53(1) of these Directions, unless",,,
CHG-0234,HIGH,ADDED,C01,Added Requirement,Yes,90,New content added: specified otherwise in respective paragraphs of Chapter IV;,,,,5,,specified otherwise in respective paragraphs of Chapter IV;,,,
CHG-0235,HIGH,ADDED,C01,Added Requirement,Yes,90,"New content added: housekeeping and janitorial services, security of the premises, and movement and",,,,6,,"housekeeping and janitorial services, security of the premises, and movement and archiving of records; and",,,
CHG-0236,HIGH,ADDED,C01,Added Requirement,Yes,90,New content added: (iii),,,,6,(iii),(iii) audit-related assignments to Chartered Accountant firms which shall,,,
CHG-0237,HIGH,ADDED,C01,Added Requirement,Yes,90,New content added: continue to be governed by the instructions and guidelines issued by the,,,,6,,continue to be governed by the instructions and guidelines issued by the,,,
CHG-0238,HIGH,ADDED,C01,Added Requirement,Yes,90,"New content added: Department of Supervision, RBI.",,,,6,,"Department of Supervision, RBI.",,,
CHG-0239,HIGH,ADDED,C01,Added Requirement,Yes,90,New content added: 5,,,,6,5,5. The scope of provisions contained in Chapter IV shall be as under:,,,
CHG-0240,HIGH,ADDED,C01,Added Requirement,Yes,90,New content added: (1),,,,6,(1),"(1) The provisions shall apply to a bank's material outsourcing of IT services, as",,,
CHG-0241,HIGH,ADDED,C01,Added Requirement,Yes,90,New content added: (iii),,,,6,(iii),"(iii) application development, maintenance, and testing by Application Service",,,
CHG-0242,HIGH,ADDED,C01,Added Requirement,Yes,90,"New content added: (v)
cloud computing services;",,,,6,,"(v)
cloud computing services;",,,
CHG-0243,HIGH,ADDED,C01,Added Requirement,Yes,90,New content added: (vi),,,,6,(vi),(vi) managed security services; and,,,
CHG-0244,HIGH,ADDED,C01,Added Requirement,Yes,90,New content added: (vii),,,,6,(vii),(vii) management of IT infrastructure and technology services associated with,,,
CHG-0245,HIGH,ADDED,C01,Added Requirement,Yes,90,New content added: payment system ecosystem.,,,,6,,payment system ecosystem.,,,
CHG-0246,HIGH,ADDED,C01,Added Requirement,Yes,90,New content added: (2),,,,6,(2),(2) The provisions shall not apply to the following services:,,,
CHG-0247,HIGH,ADDED,C01,Added Requirement,Yes,90,"New content added: Provided that for the purpose of these Directions, the following indicative",,,,6,,"Provided that for the purpose of these Directions, the following indicative",,,
CHG-0248,HIGH,ADDED,C01,Added Requirement,Yes,90,New content added: (but not exhaustive) list of entities shall be considered as REs - other,,,,6,,(but not exhaustive) list of entities shall be considered as REs - other,,,
CHG-0249,HIGH,ADDED,C01,Added Requirement,Yes,90,"New content added: Co-operative Banks; Rural Co-operative Banks; and, Payment System",,,,7,,"Co-operative Banks; Rural Co-operative Banks; and, Payment System",,,
CHG-0250,HIGH,ADDED,C01,Added Requirement,Yes,90,"New content added: Testing (PT), Information Systems Audit, and security review;",,,,7,,"Testing (PT), Information Systems Audit, and security review;",,,
CHG-0251,HIGH,ADDED,C01,Added Requirement,Yes,90,New content added: (iv),,,,7,(iv),(iv) procurement of IT hardware or appliances;,,,
CHG-0252,HIGH,ADDED,C01,Added Requirement,Yes,90,New content added: (v),,,,7,(v),"(v) acquisition of IT software, product or application (e.g., Core Banking",,,
CHG-0253,HIGH,ADDED,C01,Added Requirement,Yes,90,"New content added: Solution (CBS), database, and security solutions) on a licence or subscription b",,,,7,,"Solution (CBS), database, and security solutions) on a licence or subscription basis, and any enhancements made to such licensed third- party applications by the vendor (as upgrades) or on specific change request made by a bank;",,,
CHG-0254,HIGH,ADDED,C01,Added Requirement,Yes,90,New content added: (vi),,,,7,(vi),"(vi) any maintenance service (including security patches, and bug fixes) for IT",,,
CHG-0255,HIGH,ADDED,C01,Added Requirement,Yes,90,"New content added: infrastructure or licensed products, provided by the Original Equipment",,,,7,,"infrastructure or licensed products, provided by the Original Equipment",,,
CHG-0256,HIGH,ADDED,C01,Added Requirement,Yes,90,"New content added: Manufacturer (OEM) themselves, in order to ensure continued usage of the same by",,,,7,,"Manufacturer (OEM) themselves, in order to ensure continued usage of the same by the bank;",,,
CHG-0257,HIGH,ADDED,C01,Added Requirement,Yes,90,"New content added: Clearing Corporation of India Limited (CCIL), National Stock Exchange",,,,7,,"Clearing Corporation of India Limited (CCIL), National Stock Exchange",,,
CHG-0258,HIGH,ADDED,C01,Added Requirement,Yes,90,"New content added: (NSE), and Bombay Stock Exchange (BSE);",,,,7,,"(NSE), and Bombay Stock Exchange (BSE);",,,
CHG-0259,HIGH,ADDED,C01,Added Requirement,Yes,90,New content added: (viii),,,,7,(viii),"(viii) platforms provided by entities such as Reuters, Bloomberg, and Society for",,,
CHG-0260,HIGH,ADDED,C01,Added Requirement,Yes,90,New content added: Worldwide Interbank Financial Telecommunication (SWIFT);,,,,7,,Worldwide Interbank Financial Telecommunication (SWIFT);,,,
CHG-0261,HIGH,ADDED,C01,Added Requirement,Yes,90,New content added: (ix),,,,7,(ix),"(ix) any other off-the-shelf products (e.g., anti-virus software, and email",,,
CHG-0262,HIGH,ADDED,C01,Added Requirement,Yes,90,New content added: (x),,,,7,(x),(x) services obtained by a bank as a sub-member of a Centralised Payment,,,
CHG-0263,HIGH,ADDED,C01,Added Requirement,Yes,90,New content added: System (CPS) from another RE;,,,,7,,System (CPS) from another RE;,,,
CHG-0264,HIGH,ADDED,C01,Added Requirement,Yes,90,New content added: C. Definitions,,,,8,,C. Definitions,,,
CHG-0265,HIGH,ADDED,C01,Added Requirement,Yes,90,New content added: 6,,,,8,6,"6. In these Directions, unless the context otherwise requires,",,,
CHG-0266,HIGH,ADDED,C01,Added Requirement,Yes,90,New content added: corporate group or an entity that is external to the corporate group) by a bank ,,,,8,,"corporate group or an entity that is external to the corporate group) by a bank to perform activities on a continuing basis that would normally be undertaken by the bank itself, now or in the future. 'Continuing basis' shall include agreements for a limited period.",,,
CHG-0267,HIGH,ADDED,C01,Added Requirement,Yes,90,"New content added: Concentration Risk Management) Directions, 2025, as amended from time to time, f",,,,8,,"Concentration Risk Management) Directions, 2025, as amended from time to time, for the purpose of intragroup transactions and exposures;",,,
CHG-0268,HIGH,ADDED,C01,Added Requirement,Yes,90,New content added: have been defined in their respective Chapters as per their applicability.,,,,8,,have been defined in their respective Chapters as per their applicability.,,,
CHG-0269,HIGH,ADDED,C01,Added Requirement,Yes,90,New content added: 8,,,,8,8,8. All other expressions unless defined herein shall have the same meaning as have,,,
CHG-0270,HIGH,ADDED,C01,Added Requirement,Yes,90,"New content added: of its Board and Senior Management, who have the ultimate responsibility for the",,,,9,,"of its Board and Senior Management, who have the ultimate responsibility for the outsourced activity.",,,
CHG-0271,HIGH,ADDED,C01,Added Requirement,Yes,90,New content added: A. Board-Approved Policy,,,,9,,A. Board-Approved Policy,,,
CHG-0272,HIGH,ADDED,C01,Added Requirement,Yes,90,New content added: 10,,,,9,10,10. A bank intending to outsource any of its financial or IT activities shall put in place,,,
CHG-0273,HIGH,ADDED,C01,Added Requirement,Yes,90,"New content added: corresponding comprehensive Board-approved outsourcing policy, the coverage of w",,,,9,,"corresponding comprehensive Board-approved outsourcing policy, the coverage of which is indicated in paragraph 20 and paragraph 57, respectively.",,,
CHG-0274,HIGH,ADDED,C01,Added Requirement,Yes,90,New content added: B. Key Responsibilities,,,,9,,B. Key Responsibilities,,,
CHG-0275,HIGH,ADDED,C01,Added Requirement,Yes,90,"New content added: applicable for financial or IT outsourcing, shall be responsible for putting in ",,,,9,,"applicable for financial or IT outsourcing, shall be responsible for putting in place a framework to evaluate the risks and materiality of all existing and prospective outsourcing
arrangements,
laying
down
appropriate
approval
authorities depending on risks and materiality, and undertaking regular review.",,,
CHG-0276,HIGH,ADDED,C01,Added Requirement,Yes,90,"New content added: (1)
the Board, or a Committee of the Board to which powers have been delegated, ",,,,9,,"(1)
the Board, or a Committee of the Board to which powers have been delegated, shall be responsible, inter alia, for:",,,
CHG-0277,HIGH,ADDED,C01,Added Requirement,Yes,90,New content added: (i),,,,9,(i),(i) approving a framework to evaluate the risks and materiality of all,,,
CHG-0278,HIGH,ADDED,C01,Added Requirement,Yes,90,New content added: (ii),,,,9,(ii),(ii) laying down appropriate approval authorities for outsourcing depending,,,
CHG-0279,HIGH,ADDED,C01,Added Requirement,Yes,90,New content added: on risks and materiality;,,,,9,,on risks and materiality;,,,
CHG-0280,HIGH,ADDED,C01,Added Requirement,Yes,90,New content added: (iii),,,,9,(iii),(iii) undertaking regular review of outsourcing strategies and arrangements,,,
CHG-0281,HIGH,ADDED,C01,Added Requirement,Yes,90,"New content added: for their continued relevance, and safety and soundness;",,,,9,,"for their continued relevance, and safety and soundness;",,,
CHG-0282,HIGH,ADDED,C01,Added Requirement,Yes,90,New content added: (iv),,,,9,(iv),"(iv) deciding on business activities of a material nature to be outsourced,",,,
CHG-0283,HIGH,ADDED,C01,Added Requirement,Yes,90,New content added: and approving such arrangements;,,,,9,,and approving such arrangements;,,,
CHG-0284,HIGH,ADDED,C01,Added Requirement,Yes,90,New content added: (v),,,,9,(v),(v) reviewing records of all material outsourcing on half-yearly basis; and,,,
CHG-0285,HIGH,ADDED,C01,Added Requirement,Yes,90,New content added: (vi),,,,10,(vi),(vi) ensuring submission of an Annual Compliance Certificate giving the,,,
CHG-0286,HIGH,ADDED,C01,Added Requirement,Yes,90,"New content added: particulars of contracts for outsourcing of financial services, the prescribed p",,,,10,,"particulars of contracts for outsourcing of financial services, the prescribed periodicity of audit by internal or external auditor, major findings of the audit, and action taken to the Department of Supervision,",,,
CHG-0287,HIGH,ADDED,C01,Added Requirement,Yes,90,"New content added: (i)
monitor the system of internal audit of all outsourced activities; and",,,,10,,"(i)
monitor the system of internal audit of all outsourced activities; and",,,
CHG-0288,HIGH,ADDED,C01,Added Requirement,Yes,90,"New content added: (ii)
review the ageing analysis of entries pending reconciliation with outsource",,,,10,,"(ii)
review the ageing analysis of entries pending reconciliation with outsourced vendors and make efforts to reduce the old outstanding items therein at the earliest.",,,
CHG-0289,HIGH,ADDED,C01,Added Requirement,Yes,90,New content added: (ii),,,,10,(ii),(ii) approving policies to evaluate the risks and materiality of all existing and,,,
CHG-0290,HIGH,ADDED,C01,Added Requirement,Yes,90,New content added: prospective outsourcing arrangements;,,,,10,,prospective outsourcing arrangements;,,,
CHG-0291,HIGH,ADDED,C01,Added Requirement,Yes,90,New content added: (iii),,,,10,(iii),(iii) setting up suitable administrative framework of Senior Management;,,,
CHG-0292,HIGH,ADDED,C01,Added Requirement,Yes,90,New content added: (iv),,,,10,(iv),(iv) ensuring either by itself or through its Committee that there is no conflict of,,,
CHG-0293,HIGH,ADDED,C01,Added Requirement,Yes,90,"New content added: interest arising out of third-party engagements, especially when permitting an e",,,,10,,"interest arising out of third-party engagements, especially when permitting an exception to the requirement that the service provider of outsourced services, if not a group company, shall not be owned or controlled by any director, key managerial personnel, approver of the outsourcing arrangement, or their relatives as indicated under the proviso to paragraph 54 of these Directions; and",,,
CHG-0294,HIGH,ADDED,C01,Added Requirement,Yes,90,New content added: Management on the monitoring and control activities.,,,,10,,Management on the monitoring and control activities.,,,
CHG-0295,HIGH,ADDED,C01,Added Requirement,Yes,90,New content added: A. Definitions,,,,11,,A. Definitions,,,
CHG-0296,HIGH,ADDED,C01,Added Requirement,Yes,90,"New content added: means arrangements, which if disrupted, have the potential to significantly impa",,,,11,,"means arrangements, which if disrupted, have the potential to significantly impact the business operations, reputation or profitability of a bank. 'Materiality' of outsourcing shall be based on the:",,,
CHG-0297,HIGH,ADDED,C01,Added Requirement,Yes,90,"New content added: (i)
level of importance to the bank of the activity being outsourced;",,,,11,,"(i)
level of importance to the bank of the activity being outsourced;",,,
CHG-0298,HIGH,ADDED,C01,Added Requirement,Yes,90,"New content added: (ii)
potential impact of the outsourcing on the bank on various parameters such ",,,,11,,"(ii)
potential impact of the outsourcing on the bank on various parameters such as earnings, solvency, liquidity, funding, capital, and risk profile;",,,
CHG-0299,HIGH,ADDED,C01,Added Requirement,Yes,90,New content added: (iii),,,,11,(iii),"(iii) likely impact on the bank's reputation and brand value, and ability to achieve",,,
CHG-0300,HIGH,ADDED,C01,Added Requirement,Yes,90,"New content added: its business objectives, strategy, and plans, should the service provider fail t",,,,11,,"its business objectives, strategy, and plans, should the service provider fail to perform the service;",,,
CHG-0301,HIGH,ADDED,C01,Added Requirement,Yes,90,New content added: (iv),,,,11,(iv),(iv) cost of the outsourcing as a proportion of total operating costs of the bank;,,,
CHG-0302,HIGH,ADDED,C01,Added Requirement,Yes,90,"New content added: (v)
aggregate exposure to that particular service provider, in cases where the b",,,,11,,"(v)
aggregate exposure to that particular service provider, in cases where the bank outsources various functions to the same service provider.",,,
CHG-0303,HIGH,ADDED,C01,Added Requirement,Yes,90,New content added: 15,,,,11,15,15. A bank which chooses to outsource financial services shall however not outsource,,,
CHG-0304,HIGH,ADDED,C01,Added Requirement,Yes,90,"New content added: core management functions including Internal Audit, compliance function, and dec",,,,11,,"core management functions including Internal Audit, compliance function, and decision-making functions like determining compliance with KYC norms for opening deposit accounts, giving sanction for loans (including retail loans), and management of investment portfolio.",,,
CHG-0305,HIGH,ADDED,C01,Added Requirement,Yes,90,"New content added: C. Authorisation, Accountability, and Oversight",,,,11,,"C. Authorisation, Accountability, and Oversight",,,
CHG-0306,HIGH,ADDED,C01,Added Requirement,Yes,90,New content added: approval from RBI whether the service provider is located in or outside India.,,,,11,,approval from RBI whether the service provider is located in or outside India.,,,
CHG-0307,HIGH,ADDED,C01,Added Requirement,Yes,90,New content added: 17,,,,11,17,"17. As stated in paragraph 9, the outsourcing of any activity by a bank shall not",,,
CHG-0308,HIGH,ADDED,C01,Added Requirement,Yes,90,"New content added: diminish its obligations including to its customers and RBI, and those of its Bo",,,,11,,"diminish its obligations including to its customers and RBI, and those of its Board and Senior Management, who have the ultimate responsibility for the outsourced activity. The bank shall, therefore, be responsible for the actions of its service provider including Direct Sales Agents (DSAs) / Direct Marketing Agents (DMAs) and recovery agents, and the confidentiality of information pertaining to the customers that is available with the service provider. The bank shall retain ultimate control of ",,,
CHG-0309,HIGH,ADDED,C01,Added Requirement,Yes,90,New content added: not impede or interfere with the ability of a bank to effectively oversee and ma,,,,12,,"not impede or interfere with the ability of a bank to effectively oversee and manage its activities, and fulfil its obligations;",,,
CHG-0310,HIGH,ADDED,C01,Added Requirement,Yes,90,New content added: (iv),,,,12,(iv),(iv) outsourcing would not result in the compromise or weakening of a bank's,,,
CHG-0311,HIGH,ADDED,C01,Added Requirement,Yes,90,"New content added: internal control, business conduct, or reputation;",,,,12,,"internal control, business conduct, or reputation;",,,
CHG-0312,HIGH,ADDED,C01,Added Requirement,Yes,90,"New content added: (v)
the service provider employs the same high standard of care in performing th",,,,12,,"(v)
the service provider employs the same high standard of care in performing the services as would be employed by the bank, if the activities were conducted within the bank and not outsourced; and",,,
CHG-0313,HIGH,ADDED,C01,Added Requirement,Yes,90,New content added: (vi),,,,12,(vi),"(vi) the service provider, if not a subsidiary of the bank, shall not be owned or",,,
CHG-0314,HIGH,ADDED,C01,Added Requirement,Yes,90,New content added: controlled by any director or officer / employee of the bank or their relatives ,,,,12,,"controlled by any director or officer / employee of the bank or their relatives having the same meaning as assigned under Companies Act, 2013 and the",,,
CHG-0315,HIGH,ADDED,C01,Added Requirement,Yes,90,"New content added: Rules framed thereunder, as amended from time to time.",,,,12,,"Rules framed thereunder, as amended from time to time.",,,
CHG-0316,HIGH,ADDED,C01,Added Requirement,Yes,90,New content added: and Suspicious Transactions Reports (STRs) to FIU or any other competent authori,,,,12,,and Suspicious Transactions Reports (STRs) to FIU or any other competent authority in respect of its customer related activities carried out by the service providers.,,,
CHG-0317,HIGH,ADDED,C01,Added Requirement,Yes,90,New content added: D. Governance Framework,,,,13,,D. Governance Framework,,,
CHG-0318,HIGH,ADDED,C01,Added Requirement,Yes,90,New content added: D.1 Outsourcing Policy,,,,13,,D.1 Outsourcing Policy,,,
CHG-0319,HIGH,ADDED,C01,Added Requirement,Yes,90,"New content added: comprehensive outsourcing policy, approved by its Board, which shall incorporate",,,,13,,"comprehensive outsourcing policy, approved by its Board, which shall incorporate, inter alia, the following:",,,
CHG-0320,HIGH,ADDED,C01,Added Requirement,Yes,90,"New content added: (i)
criteria for selection of such activities, and service providers;",,,,13,,"(i)
criteria for selection of such activities, and service providers;",,,
CHG-0321,HIGH,ADDED,C01,Added Requirement,Yes,90,New content added: (iii),,,,13,(iii),"(iii) delegation of authority depending on risks, and materiality; and",,,
CHG-0322,HIGH,ADDED,C01,Added Requirement,Yes,90,New content added: (iv),,,,13,(iv),(iv) systems to monitor and review these activities.,,,
CHG-0323,HIGH,ADDED,C01,Added Requirement,Yes,90,New content added: D.2 Role of Senior Management,,,,13,,D.2 Role of Senior Management,,,
CHG-0324,HIGH,ADDED,C01,Added Requirement,Yes,90,New content added: 21,,,,13,21,"21. The Senior Management of a bank shall, inter alia, be responsible for:",,,
CHG-0325,HIGH,ADDED,C01,Added Requirement,Yes,90,"New content added: (i)
evaluating the risks and materiality of all existing and prospective outsour",,,,13,,"(i)
evaluating the risks and materiality of all existing and prospective outsourcing, based on the framework approved by the Board or a Committee of the Board;",,,
CHG-0326,HIGH,ADDED,C01,Added Requirement,Yes,90,"New content added: (ii)
developing and implementing sound and prudent outsourcing policies and proc",,,,13,,"(ii)
developing and implementing sound and prudent outsourcing policies and procedures commensurate with the nature, scope, and complexity of the outsourcing;",,,
CHG-0327,HIGH,ADDED,C01,Added Requirement,Yes,90,New content added: (iii),,,,13,(iii),(iii) reviewing periodically the effectiveness of policies and procedures;,,,
CHG-0328,HIGH,ADDED,C01,Added Requirement,Yes,90,New content added: (iv),,,,13,(iv),(iv) communicating information pertaining to material outsourcing risks to the,,,
CHG-0329,HIGH,ADDED,C01,Added Requirement,Yes,90,New content added: Board in a timely manner;,,,,13,,Board in a timely manner;,,,
CHG-0330,HIGH,ADDED,C01,Added Requirement,Yes,90,"New content added: (v)
ensuring that contingency plans, based on realistic and probable disruptive ",,,,13,,"(v)
ensuring that contingency plans, based on realistic and probable disruptive scenarios, are in place and tested;",,,
CHG-0331,HIGH,ADDED,C01,Added Requirement,Yes,90,New content added: (vi),,,,13,(vi),(vi) ensuring that there is independent review and audit for compliance with set,,,
CHG-0332,HIGH,ADDED,C01,Added Requirement,Yes,90,New content added: policies; and,,,,13,,policies; and,,,
CHG-0333,HIGH,ADDED,C01,Added Requirement,Yes,90,New content added: (vii),,,,13,(vii),(vii) undertaking periodic review of outsourcing arrangements to identify new,,,
CHG-0334,HIGH,ADDED,C01,Added Requirement,Yes,90,New content added: material outsourcing risks as they arise.,,,,13,,material outsourcing risks as they arise.,,,
CHG-0335,HIGH,ADDED,C01,Added Requirement,Yes,90,New content added: E. Risk Management,,,,14,,E. Risk Management,,,
CHG-0336,HIGH,ADDED,C01,Added Requirement,Yes,90,New content added: 22,,,,14,22,22. A bank shall evaluate and guard against the following key risks when entering into,,,
CHG-0337,HIGH,ADDED,C01,Added Requirement,Yes,90,New content added: outsourcing arrangements:,,,,14,,outsourcing arrangements:,,,
CHG-0338,HIGH,ADDED,C01,Added Requirement,Yes,90,"New content added: (i)
Strategic Risk - such as where the service provider conducts business on its",,,,14,,"(i)
Strategic Risk - such as where the service provider conducts business on its own behalf, inconsistent with the overall strategic goals of the bank.",,,
CHG-0339,HIGH,ADDED,C01,Added Requirement,Yes,90,"New content added: (ii)
Reputation Risk - such as where the service provider delivers poor service,",,,,14,,"(ii)
Reputation Risk - such as where the service provider delivers poor service, or its customer interactions are inconsistent with the overall standards of the bank.",,,
CHG-0340,HIGH,ADDED,C01,Added Requirement,Yes,90,New content added: (iii),,,,14,(iii),"(iii) Compliance Risk - such as where, owing to outsourcing, the privacy,",,,
CHG-0341,HIGH,ADDED,C01,Added Requirement,Yes,90,"New content added: consumer, and prudential laws are not adequately complied with.",,,,14,,"consumer, and prudential laws are not adequately complied with.",,,
CHG-0342,HIGH,ADDED,C01,Added Requirement,Yes,90,New content added: (iv),,,,14,(iv),"(iv) Operational Risk - which may arise due to technology failure, fraud, error,",,,
CHG-0343,HIGH,ADDED,C01,Added Requirement,Yes,90,New content added: or inadequate financial capacity of the service provider to fulfil obligations o,,,,14,,or inadequate financial capacity of the service provider to fulfil obligations or to provide remedies.,,,
CHG-0344,HIGH,ADDED,C01,Added Requirement,Yes,90,"New content added: (v)
Legal Risk - where a bank is subjected to, inter alia, fines, penalties, or ",,,,14,,"(v)
Legal Risk - where a bank is subjected to, inter alia, fines, penalties, or punitive damages resulting from supervisory actions, or private settlements due to omissions and commissions by the service provider.",,,
CHG-0345,HIGH,ADDED,C01,Added Requirement,Yes,90,New content added: (vi),,,,14,(vi),(vi) Exit Strategy Risk - may arise when a bank becomes over reliant on one,,,
CHG-0346,HIGH,ADDED,C01,Added Requirement,Yes,90,"New content added: service provider, loses relevant internal skills preventing it from bringing the",,,,14,,"service provider, loses relevant internal skills preventing it from bringing the activity back in-house, or enters into contracts that make speedy exits prohibitively expensive.",,,
CHG-0347,HIGH,ADDED,C01,Added Requirement,Yes,90,New content added: (vii),,,,14,(vii),(vii) Counterparty Risk - such as where the service provider engages in,,,
CHG-0348,HIGH,ADDED,C01,Added Requirement,Yes,90,New content added: inappropriate underwriting or credit assessments.,,,,14,,inappropriate underwriting or credit assessments.,,,
CHG-0349,HIGH,ADDED,C01,Added Requirement,Yes,90,New content added: (viii),,,,14,(viii),"(viii) Country Risk - where the political, social, or legal climate creates added risk",,,
CHG-0350,HIGH,ADDED,C01,Added Requirement,Yes,90,New content added: in the outsourcing arrangement.,,,,14,,in the outsourcing arrangement.,,,
CHG-0351,HIGH,ADDED,C01,Added Requirement,Yes,90,New content added: (ix),,,,14,(ix),(ix) Contractual Risk - where the bank may not have the ability to enforce the,,,
CHG-0352,HIGH,ADDED,C01,Added Requirement,Yes,90,New content added: contract with the service provider.,,,,14,,contract with the service provider.,,,
CHG-0353,HIGH,ADDED,C01,Added Requirement,Yes,90,"New content added: (x)
Concentration and Systemic Risk - where there is a lack of control of a bank",,,,15,,"(x)
Concentration and Systemic Risk - where there is a lack of control of a bank over a service provider, more so when overall banking industry has considerable exposure to one service provider.",,,
CHG-0354,HIGH,ADDED,C01,Added Requirement,Yes,90,New content added: E.2 Confidentiality and Security of Information,,,,15,,E.2 Confidentiality and Security of Information,,,
CHG-0355,HIGH,ADDED,C01,Added Requirement,Yes,90,New content added: 23,,,,15,23,"23. A bank shall seek to ensure the security, preservation, and protection of the",,,
CHG-0356,HIGH,ADDED,C01,Added Requirement,Yes,90,New content added: 24,,,,15,24,24. Access to customer information by a service provider or its staff shall be on a,,,
CHG-0357,HIGH,ADDED,C01,Added Requirement,Yes,90,"New content added: 'need to know' basis, i.e., limited to those areas where the information is requ",,,,15,,"'need to know' basis, i.e., limited to those areas where the information is required in order to perform the outsourced function.",,,
CHG-0358,HIGH,ADDED,C01,Added Requirement,Yes,90,New content added: 25,,,,15,25,25. A bank shall review and monitor the security practices and control processes of its,,,
CHG-0359,HIGH,ADDED,C01,Added Requirement,Yes,90,New content added: service providers on a regular basis and require the service provider to disclos,,,,15,,service providers on a regular basis and require the service provider to disclose security breaches.,,,
CHG-0360,HIGH,ADDED,C01,Added Requirement,Yes,90,New content added: 27,,,,15,27,27. A bank shall ensure that a service provider is able to isolate and clearly identify the,,,
CHG-0361,HIGH,ADDED,C01,Added Requirement,Yes,90,"New content added: bank's customer information, documents, records, and assets to protect the confi",,,,15,,"bank's customer information, documents, records, and assets to protect the confidentiality of the information.",,,
CHG-0362,HIGH,ADDED,C01,Added Requirement,Yes,90,New content added: 28,,,,15,28,28. A bank shall immediately notify RBI in the event of breach of security and leakage,,,
CHG-0363,HIGH,ADDED,C01,Added Requirement,Yes,90,"New content added: of confidential customer related information. In these eventualities, the bank s",,,,15,,"of confidential customer related information. In these eventualities, the bank shall be liable to its customers for any damage.",,,
CHG-0364,HIGH,ADDED,C01,Added Requirement,Yes,90,New content added: F. Outsourcing Process,,,,15,,F. Outsourcing Process,,,
CHG-0365,HIGH,ADDED,C01,Added Requirement,Yes,90,New content added: F.1 Service Provider Evaluation,,,,15,,F.1 Service Provider Evaluation,,,
CHG-0366,HIGH,ADDED,C01,Added Requirement,Yes,90,New content added: 29,,,,15,29,29. A bank shall perform appropriate due diligence while considering or renewing an,,,
CHG-0367,HIGH,ADDED,C01,Added Requirement,Yes,90,"New content added: outsourcing arrangement, to assess the capability of the service provider to com",,,,15,,"outsourcing arrangement, to assess the capability of the service provider to comply with obligations in the outsourcing agreement on an ongoing basis.",,,
CHG-0368,HIGH,ADDED,C01,Added Requirement,Yes,90,New content added: 30,,,,15,30,30. The due diligence mentioned above shall involve an evaluation of all available,,,
CHG-0369,HIGH,ADDED,C01,Added Requirement,Yes,90,"New content added: information, as applicable, about the service provider, including but not limite",,,,15,,"information, as applicable, about the service provider, including but not limited to:",,,
CHG-0370,HIGH,ADDED,C01,Added Requirement,Yes,90,"New content added: (i)
qualitative, quantitative, financial, operational, legal, and reputational f",,,,16,,"(i)
qualitative, quantitative, financial, operational, legal, and reputational factors;",,,
CHG-0371,HIGH,ADDED,C01,Added Requirement,Yes,90,"New content added: (ii)
risks arising from undue concentration, if outsourcing to a single service ",,,,16,,"(ii)
risks arising from undue concentration, if outsourcing to a single service provider, or a limited number of service providers;",,,
CHG-0372,HIGH,ADDED,C01,Added Requirement,Yes,90,New content added: the proposed activity over the contracted period;,,,,16,,the proposed activity over the contracted period;,,,
CHG-0373,HIGH,ADDED,C01,Added Requirement,Yes,90,New content added: (iv),,,,16,(iv),"(iv) financial soundness, and ability to service commitments even under adverse",,,
CHG-0374,HIGH,ADDED,C01,Added Requirement,Yes,90,New content added: conditions;,,,,16,,conditions;,,,
CHG-0375,HIGH,ADDED,C01,Added Requirement,Yes,90,"New content added: (v)
business reputation and culture, compliance, complaints, and outstanding or ",,,,16,,"(v)
business reputation and culture, compliance, complaints, and outstanding or potential litigation;",,,
CHG-0376,HIGH,ADDED,C01,Added Requirement,Yes,90,New content added: (vi),,,,16,(vi),(vi) quality of due diligence exercised by the service provider of its employees,,,
CHG-0377,HIGH,ADDED,C01,Added Requirement,Yes,90,New content added: and sub-contractors;,,,,16,,and sub-contractors;,,,
CHG-0378,HIGH,ADDED,C01,Added Requirement,Yes,90,New content added: (vii),,,,16,(vii),"(vii) security and internal control, audit coverage, reporting, and monitoring",,,
CHG-0379,HIGH,ADDED,C01,Added Requirement,Yes,90,"New content added: procedures, and business continuity management; and",,,,16,,"procedures, and business continuity management; and",,,
CHG-0380,HIGH,ADDED,C01,Added Requirement,Yes,90,New content added: (viii),,,,16,(viii),"(viii) external factors like political, economic, social, and legal environment of the",,,
CHG-0381,HIGH,ADDED,C01,Added Requirement,Yes,90,New content added: 31,,,,16,31,"31. Where possible, a bank shall obtain independent reviews and market feedback on",,,
CHG-0382,HIGH,ADDED,C01,Added Requirement,Yes,90,New content added: the service provider to supplement the findings of its own due diligence.,,,,16,,the service provider to supplement the findings of its own due diligence.,,,
CHG-0383,HIGH,ADDED,C01,Added Requirement,Yes,90,New content added: 32,,,,16,32,32. A bank shall also evaluate whether the systems of its service provider are,,,
CHG-0384,HIGH,ADDED,C01,Added Requirement,Yes,90,"New content added: compatible with those of the bank, and the acceptability of their standards of p",,,,16,,"compatible with those of the bank, and the acceptability of their standards of performance including in the area of customer service.",,,
CHG-0385,HIGH,ADDED,C01,Added Requirement,Yes,90,New content added: F.2 Outsourcing Agreement,,,,16,,F.2 Outsourcing Agreement,,,
CHG-0386,HIGH,ADDED,C01,Added Requirement,Yes,90,New content added: 33,,,,16,33,33. A bank shall ensure that the terms and conditions governing the outsourcing,,,
CHG-0387,HIGH,ADDED,C01,Added Requirement,Yes,90,"New content added: (ii)
bank's access to all books, records, and information relevant to the outsou",,,,17,,"(ii)
bank's access to all books, records, and information relevant to the outsourced activity available with the service provider;",,,
CHG-0388,HIGH,ADDED,C01,Added Requirement,Yes,90,New content added: (iii),,,,17,(iii),"(iii) regular and continuous monitoring, and assessment by the bank of the",,,
CHG-0389,HIGH,ADDED,C01,Added Requirement,Yes,90,New content added: (iv),,,,17,(iv),(iv) prior approval or consent by the bank for the use of subcontractors by the,,,
CHG-0390,HIGH,ADDED,C01,Added Requirement,Yes,90,"New content added: service provider for all, or part of an outsourced activity as set out in paragr",,,,17,,"service provider for all, or part of an outsourced activity as set out in paragraph 4(2)of these Directions;",,,
CHG-0391,HIGH,ADDED,C01,Added Requirement,Yes,90,"New content added: (v)
controls for maintaining confidentiality of data including of its customers,",,,,17,,"(v)
controls for maintaining confidentiality of data including of its customers, and incorporating service provider's liability in the event of security breach and leakage of such confidential information;",,,
CHG-0392,HIGH,ADDED,C01,Added Requirement,Yes,90,New content added: (vi),,,,17,(vi),(vi) contingency plans to ensure business continuity;,,,
CHG-0393,HIGH,ADDED,C01,Added Requirement,Yes,90,New content added: (vii),,,,17,(vii),(vii) bank's right to conduct audits on the service provider whether by its internal,,,
CHG-0394,HIGH,ADDED,C01,Added Requirement,Yes,90,New content added: (viii),,,,17,(viii),"(viii) right of RBI or persons authorised by it to access the bank's documents,",,,
CHG-0395,HIGH,ADDED,C01,Added Requirement,Yes,90,"New content added: records of transactions, and other necessary information given to, stored or pro",,,,17,,"records of transactions, and other necessary information given to, stored or processed by the service provider within a reasonable time; including in cases where the controlling / Head Offices of foreign banks operating in India outsource the activities related to the Indian operations;",,,
CHG-0396,HIGH,ADDED,C01,Added Requirement,Yes,90,"New content added: or more of its officers, employees or other authorised persons; including in cas",,,,18,,"or more of its officers, employees or other authorised persons; including in cases where the controlling / Head Offices of foreign banks operating in India outsource the activities related to the Indian operations;",,,
CHG-0397,HIGH,ADDED,C01,Added Requirement,Yes,90,"New content added: (x)
a termination clause and minimum period for executing termination, if deemed",,,,18,,"(x)
a termination clause and minimum period for executing termination, if deemed necessary;",,,
CHG-0398,HIGH,ADDED,C01,Added Requirement,Yes,90,New content added: (xi),,,,18,(xi),(xi) provision that confidentiality of customers' information shall be maintained,,,
CHG-0399,HIGH,ADDED,C01,Added Requirement,Yes,90,New content added: even after the contract expires or gets terminated; and,,,,18,,even after the contract expires or gets terminated; and,,,
CHG-0400,HIGH,ADDED,C01,Added Requirement,Yes,90,New content added: (xii),,,,18,(xii),(xii) provisions to ensure that the service provider preserves documents and data,,,
CHG-0401,HIGH,ADDED,C01,Added Requirement,Yes,90,New content added: in accordance with legal and regulatory obligations of the bank.,,,,18,,in accordance with legal and regulatory obligations of the bank.,,,
CHG-0402,HIGH,ADDED,C01,Added Requirement,Yes,90,New content added: 35,,,,18,35,35. A bank shall have in place a management structure to monitor and control its,,,
CHG-0403,HIGH,ADDED,C01,Added Requirement,Yes,90,New content added: outsourced activities and shall ensure that outsourcing agreements with its serv,,,,18,,outsourced activities and shall ensure that outsourcing agreements with its service provider contain provisions to address the same.,,,
CHG-0404,MEDIUM,ADDED,C09,Documentation Requirement,Yes,90,New content added: 36,,,,18,36,36. A bank shall maintain a central record of all material outsourcing of financial,,,
CHG-0405,HIGH,ADDED,C01,Added Requirement,Yes,90,New content added: services for review by its Board and Senior Management. The records shall be upd,,,,18,,"services for review by its Board and Senior Management. The records shall be updated promptly, and half-yearly reviews shall be placed before the Board.",,,
CHG-0406,HIGH,ADDED,C01,Added Requirement,Yes,90,New content added: assess the adequacy of the risk management practices adopted in overseeing and m,,,,18,,"assess the adequacy of the risk management practices adopted in overseeing and managing the outsourcing arrangement, the bank's compliance with its risk management framework, and the requirements of these Directions.",,,
CHG-0407,HIGH,ADDED,C01,Added Requirement,Yes,90,New content added: 38,,,,18,38,"38. A bank shall, at least on an annual basis, review the financial and operational",,,
CHG-0408,HIGH,ADDED,C01,Added Requirement,Yes,90,New content added: 39,,,,18,39,"39. Certain services, viz., outsourcing of cash management, might involve",,,
CHG-0409,HIGH,ADDED,C01,Added Requirement,Yes,90,New content added: reconciliation of transaction between a bank and the service provider (or its su,,,,18,,"reconciliation of transaction between a bank and the service provider (or its subcontractors). In such cases, the bank shall ensure that reconciliation of transactions between itself and the service provider (or its subcontractors) is carried out in a timely manner. A bank shall ensure that the reconciliation is carried out as advised in RBI guidelines on 'Outsourcing of Cash Management -",,,
CHG-0410,HIGH,ADDED,C01,Added Requirement,Yes,90,"New content added: Reconciliation of Transactions' dated May 14, 2019, as amended from time to time",,,,19,,"Reconciliation of Transactions' dated May 14, 2019, as amended from time to time.",,,
CHG-0411,HIGH,ADDED,C01,Added Requirement,Yes,90,New content added: F.4 Business Continuity and Management of Disaster Recovery Plan,,,,19,,F.4 Business Continuity and Management of Disaster Recovery Plan,,,
CHG-0412,HIGH,ADDED,C01,Added Requirement,Yes,90,"New content added: framework for documenting, maintaining, and testing business continuity and reco",,,,19,,"framework for documenting, maintaining, and testing business continuity and recovery procedures. The
bank
shall
ensure
that
the
service
provider periodically tests the Business Continuity and Recovery Plan and may also consider occasional joint testing and recovery exercises with its service provider.",,,
CHG-0413,HIGH,ADDED,C01,Added Requirement,Yes,90,New content added: 41,,,,19,41,"41. In establishing a viable contingency plan, a bank shall consider the availability of",,,
CHG-0414,HIGH,ADDED,C01,Added Requirement,Yes,90,New content added: 43,,,,19,43,43. In order to mitigate the risk of unexpected termination of the outsourcing,,,
CHG-0415,HIGH,ADDED,C01,Added Requirement,Yes,90,"New content added: agreement, or insolvency or liquidation of its service provider, a bank shall re",,,,19,,"agreement, or insolvency or liquidation of its service provider, a bank shall retain an appropriate level of control over its outsourcing arrangement along with the right to intervene with appropriate measures to continue its business operations without incurring prohibitive expenses and disruption in the operations of the bank and its services to the customers.",,,
CHG-0416,HIGH,ADDED,C01,Added Requirement,Yes,90,New content added: F.5 Termination,,,,20,,F.5 Termination,,,
CHG-0417,HIGH,ADDED,C01,Added Requirement,Yes,90,New content added: 44,,,,20,44,"44. If the services of a service provider are terminated by a bank, then it shall:",,,
CHG-0418,HIGH,ADDED,C01,Added Requirement,Yes,90,"New content added: (ii)
inform Indian Banks' Association (IBA) of the reasons for termination to en",,,,20,,"(ii)
inform Indian Banks' Association (IBA) of the reasons for termination to enable IBA to maintain a caution list of such service providers for sharing among banks.",,,
CHG-0419,HIGH,ADDED,C01,Added Requirement,Yes,90,New content added: G. Specific Outsourcing Arrangements,,,,20,,G. Specific Outsourcing Arrangements,,,
CHG-0420,HIGH,ADDED,C01,Added Requirement,Yes,90,New content added: G.1 Outsourcing within a Group / Conglomerate,,,,20,,G.1 Outsourcing within a Group / Conglomerate,,,
CHG-0421,HIGH,ADDED,C01,Added Requirement,Yes,90,New content added: 45,,,,20,45,45. The risk management practices to be adopted by a bank while outsourcing to a,,,
CHG-0422,HIGH,ADDED,C01,Added Requirement,Yes,90,"New content added: related party (i.e., party within the group / conglomerate) shall be identical t",,,,20,,"related party (i.e., party within the group / conglomerate) shall be identical to those for a non-related party as specified in this Chapter.",,,
CHG-0423,HIGH,ADDED,C01,Added Requirement,Yes,90,New content added: G.2 Offshore outsourcing,,,,20,,G.2 Offshore outsourcing,,,
CHG-0424,HIGH,ADDED,C01,Added Requirement,Yes,90,New content added: 46,,,,20,46,"46. In principle, outsourcing arrangements shall only be entered into with parties",,,
CHG-0425,HIGH,ADDED,C01,Added Requirement,Yes,90,New content added: operating in jurisdictions that uphold confidentiality agreements and clauses.,,,,20,,operating in jurisdictions that uphold confidentiality agreements and clauses.,,,
CHG-0426,HIGH,ADDED,C01,Added Requirement,Yes,90,New content added: 47,,,,20,47,"47. While engaging with service provider(s) in a foreign country, a bank shall:",,,
CHG-0427,HIGH,ADDED,C01,Added Requirement,Yes,90,"New content added: (i)
closely monitor government policies of the jurisdiction in which the service",,,,20,,"(i)
closely monitor government policies of the jurisdiction in which the service provider is based and political, social, economic, and legal conditions, both during the risk assessment and on a continuous basis, and establish sound procedures for dealing with country risk. This includes having appropriate contingency and exit strategies;",,,
CHG-0428,HIGH,ADDED,C01,Added Requirement,Yes,90,"New content added: (ii)
clearly specify the governing law of the outsourcing arrangement;",,,,20,,"(ii)
clearly specify the governing law of the outsourcing arrangement;",,,
CHG-0429,HIGH,ADDED,C01,Added Requirement,Yes,90,New content added: (iii),,,,20,(iii),(iii) ensure that the availability of records to the bank and RBI will not be affected,,,
CHG-0430,HIGH,ADDED,C01,Added Requirement,Yes,90,New content added: even in the case of liquidation of the service provider or offshore custodian;,,,,20,,even in the case of liquidation of the service provider or offshore custodian;,,,
CHG-0431,HIGH,ADDED,C01,Added Requirement,Yes,90,New content added: (iv),,,,20,(iv),(iv) ensure activities outsourced outside India are conducted in a manner so as,,,
CHG-0432,HIGH,ADDED,C01,Added Requirement,Yes,90,New content added: not to hinder efforts to supervise or reconstruct the activities of the bank in ,,,,20,,not to hinder efforts to supervise or reconstruct the activities of the bank in a timely manner;,,,
CHG-0433,HIGH,ADDED,C01,Added Requirement,Yes,90,"New content added: (v)
ensure that, where the offshore service provider is a regulated entity, the ",,,,21,,"(v)
ensure that, where the offshore service provider is a regulated entity, the relevant offshore regulator will neither obstruct the arrangement nor object to the RBI's inspections or visits of bank's internal or external auditors;",,,
CHG-0434,HIGH,ADDED,C01,Added Requirement,Yes,90,New content added: (vi),,,,21,(vi),(vi) ensure that the regulatory authority of the offshore location does not have,,,
CHG-0435,HIGH,ADDED,C01,Added Requirement,Yes,90,New content added: (vii),,,,21,(vii),(vii) ensure that the jurisdiction of the courts in the offshore location where data is,,,
CHG-0436,HIGH,ADDED,C01,Added Requirement,Yes,90,New content added: maintained does not extend to the operations of the bank in India on the strengt,,,,21,,maintained does not extend to the operations of the bank in India on the strength of the fact that the data is being processed there even though the actual transactions are undertaken in India; and,,,
CHG-0437,HIGH,ADDED,C01,Added Requirement,Yes,90,New content added: (viii),,,,21,(viii),(viii) ensure that all original records continue to be maintained in India.,,,
CHG-0438,HIGH,ADDED,C01,Added Requirement,Yes,90,New content added: 48,,,,21,48,"48. The overseas operations of a bank shall be governed by both, these Directions",,,
CHG-0439,HIGH,ADDED,C01,Added Requirement,Yes,90,"New content added: and the host country guidelines, and in case there are differences, the more str",,,,21,,"and the host country guidelines, and in case there are differences, the more stringent of the two shall prevail. However, where there is any conflict, the host country guidelines shall prevail.",,,
CHG-0440,HIGH,ADDED,C01,Added Requirement,Yes,90,New content added: H. Redressal of Grievances related to Outsourced Services,,,,21,,H. Redressal of Grievances related to Outsourced Services,,,
CHG-0441,HIGH,ADDED,C01,Added Requirement,Yes,90,New content added: 49,,,,21,49,49. Outsourcing arrangements entered into by a bank shall not affect the rights of its,,,
CHG-0442,HIGH,ADDED,C01,Added Requirement,Yes,90,"New content added: customers against the bank, including the ability of the customers to obtain red",,,,21,,"customers against the bank, including the ability of the customers to obtain redressal as applicable under relevant laws.",,,
CHG-0443,HIGH,ADDED,C01,Added Requirement,Yes,90,New content added: 50,,,,21,50,50. In cases where customers are required to deal with a service provider in the,,,
CHG-0444,HIGH,ADDED,C01,Added Requirement,Yes,90,"New content added: process of dealing with a bank, the bank shall incorporate a clause in the corre",,,,21,,"process of dealing with a bank, the bank shall incorporate a clause in the corresponding product literature, and brochures, stating that services of the service provider, including in sales and marketing of the products, may be used.",,,
CHG-0445,HIGH,ADDED,C01,Added Requirement,Yes,90,New content added: The role of the service provider may be indicated in broad terms.,,,,21,,The role of the service provider may be indicated in broad terms.,,,
CHG-0446,HIGH,ADDED,C01,Added Requirement,Yes,90,New content added: 51,,,,21,51,51. A bank shall have a robust grievance redressal mechanism that shall not be,,,
CHG-0447,HIGH,ADDED,C01,Added Requirement,Yes,90,"New content added: compromised in any manner on account of outsourcing, i.e., responsibility for re",,,,21,,"compromised in any manner on account of outsourcing, i.e., responsibility for redressal of customers' grievances related to outsourced services shall rest with the bank. In case of microfinance loans, a declaration that, (i) the bank shall be accountable for inappropriate behaviour of the employees of the service provider and (ii) shall provide timely grievance redressal, shall be made in the loan agreement, and in Fair Practices Code (FPC) displayed in its office, branch premises, and its websi",,,
CHG-0448,HIGH,ADDED,C01,Added Requirement,Yes,90,New content added: 52,,,,22,52,"52. In addition to the above,",,,
CHG-0449,HIGH,ADDED,C01,Added Requirement,Yes,90,New content added: (1),,,,22,(1),(1) a bank shall constitute Grievance Redressal Machinery in accordance with,,,
CHG-0450,HIGH,ADDED,C01,Added Requirement,Yes,90,New content added: (2),,,,22,(2),(2) the name and contact number of designated grievance redressal officer of the,,,
CHG-0451,HIGH,ADDED,C01,Added Requirement,Yes,90,New content added: bank shall be made known and widely publicised. The designated officer shall ens,,,,22,,bank shall be made known and widely publicised. The designated officer shall ensure that genuine grievances of customers are redressed promptly without involving delay. It shall be clearly indicated that bank's Grievance Redressal,,,
CHG-0452,HIGH,ADDED,C01,Added Requirement,Yes,90,New content added: Machinery will also deal with the issue relating to services provided by the ser,,,,22,,Machinery will also deal with the issue relating to services provided by the service provider; and,,,
CHG-0453,HIGH,ADDED,C05,Timeline Change,Yes,90,New content added: (3),,,,22,(3),(3) the time frame fixed for responding to the complaints (maximum 30 days),,,
CHG-0454,HIGH,ADDED,C05,Timeline Change,Yes,90,New content added: shall be placed on the bank's website. If a complaint is rejected wholly or part,,,,22,,"shall be placed on the bank's website. If a complaint is rejected wholly or partly by a bank, and the complainant is not satisfied with the reply, or does not get any reply within 30 days after the bank received the complaint, the complainant shall have the option to seek grievance redressal under the",,,
CHG-0455,HIGH,ADDED,C01,Added Requirement,Yes,90,New content added: A. Definitions,,,,23,,A. Definitions,,,
CHG-0456,HIGH,ADDED,C01,Added Requirement,Yes,90,New content added: the meanings assigned to them below:,,,,23,,the meanings assigned to them below:,,,
CHG-0457,HIGH,ADDED,C01,Added Requirement,Yes,90,New content added: the bank's business operations; or,,,,23,,the bank's business operations; or,,,
CHG-0458,HIGH,ADDED,C01,Added Requirement,Yes,90,New content added: (ii),,,,23,(ii),(ii) may have material impact on the bank's customers in the event of any,,,
CHG-0459,HIGH,ADDED,C01,Added Requirement,Yes,90,"New content added: unauthorised access, loss, or theft of customer information;",,,,23,,"unauthorised access, loss, or theft of customer information;",,,
CHG-0460,HIGH,ADDED,C01,Added Requirement,Yes,90,"New content added: the bank, or those which belong to the same group or conglomerate to which the b",,,,23,,"the bank, or those which belong to the same group or conglomerate to which the bank belongs.",,,
CHG-0461,HIGH,ADDED,C01,Added Requirement,Yes,90,New content added: Providers' as defined above:,,,,23,,Providers' as defined above:,,,
CHG-0462,HIGH,ADDED,C01,Added Requirement,Yes,90,New content added: (ii),,,,23,(ii),(ii) Payment System Operators (PSOs) authorised by RBI under the Payment,,,
CHG-0463,HIGH,ADDED,C01,Added Requirement,Yes,90,New content added: Systems in India;,,,,23,,Systems in India;,,,
CHG-0464,HIGH,ADDED,C01,Added Requirement,Yes,90,New content added: (iii),,,,23,(iii),(iii) partnership based FinTech firms such as those providing co-branded,,,
CHG-0465,HIGH,ADDED,C01,Added Requirement,Yes,90,New content added: (iv),,,,23,(iv),"(iv) FinTech firms providing services for data retrieval, and data validation and",,,
CHG-0466,HIGH,ADDED,C01,Added Requirement,Yes,90,New content added: (v),,,,24,(v),"(v) telecom service providers from whom leased lines, or other similar kind of",,,
CHG-0467,HIGH,ADDED,C01,Added Requirement,Yes,90,New content added: infrastructure are availed and used for transmission of data; and,,,,24,,infrastructure are availed and used for transmission of data; and,,,
CHG-0468,HIGH,ADDED,C01,Added Requirement,Yes,90,New content added: (vi),,,,24,(vi),"(vi) security or audit consultants appointed for certification, audit or VA / PT",,,
CHG-0469,HIGH,ADDED,C01,Added Requirement,Yes,90,New content added: Explanation: In case an IT service is provided by an RE to a bank (as applicable,,,,24,,"Explanation: In case an IT service is provided by an RE to a bank (as applicable to the scope of Directions under this Chapter), even the RE could be considered as a service provider to the bank, under this Chapter.",,,
CHG-0470,HIGH,ADDED,C01,Added Requirement,Yes,90,New content added: the service provider and is specific to the material / significant IT services a,,,,24,,the service provider and is specific to the material / significant IT services arrangement that the bank has entered into with the service provider.,,,
CHG-0471,HIGH,ADDED,C01,Added Requirement,Yes,90,"New content added: B. Authorisation, Accountability, and Oversight",,,,24,,"B. Authorisation, Accountability, and Oversight",,,
CHG-0472,HIGH,ADDED,C01,Added Requirement,Yes,90,New content added: 54,,,,24,54,54. In addition to adhering to the requirements stipulated in subparagraphs (i) to (v) of,,,
CHG-0473,HIGH,ADDED,C01,Added Requirement,Yes,90,"New content added: 'relative' shall have the same meaning as assigned under the Companies Act,",,,,24,,"'relative' shall have the same meaning as assigned under the Companies Act,",,,
CHG-0474,HIGH,ADDED,C13,Exception / Exemption Change,Yes,90,New content added: Provided that an exception to the above requirement may be made with the approva,,,,24,,"Provided that an exception to the above requirement may be made with the approval of Board or a Committee of the Board, followed by appropriate disclosure, oversight and monitoring of such arrangements.",,,
CHG-0475,HIGH,ADDED,C01,Added Requirement,Yes,90,New content added: (iii),,,,25,(iii),(iii) success factors and cost-benefit analysis; and,,,
CHG-0476,HIGH,ADDED,C01,Added Requirement,Yes,90,New content added: (iv),,,,25,(iv),(iv) the model for outsourcing.,,,
CHG-0477,HIGH,ADDED,C01,Added Requirement,Yes,90,New content added: C. Governance Framework,,,,25,,C. Governance Framework,,,
CHG-0478,HIGH,ADDED,C01,Added Requirement,Yes,90,New content added: 57,,,,25,57,57. A bank intending to outsource any of its IT services shall put in place a,,,
CHG-0479,HIGH,ADDED,C01,Added Requirement,Yes,90,"New content added: comprehensive Board-approved IT outsourcing policy incorporating, inter alia, th",,,,25,,"comprehensive Board-approved IT outsourcing policy incorporating, inter alia, the following:",,,
CHG-0480,HIGH,ADDED,C01,Added Requirement,Yes,90,"New content added: (ii)
criteria for selection of such services and service providers;",,,,25,,"(ii)
criteria for selection of such services and service providers;",,,
CHG-0481,HIGH,ADDED,C01,Added Requirement,Yes,90,New content added: (iii),,,,25,(iii),(iii) parameters for defining material outsourcing based on the broad criteria,,,
CHG-0482,HIGH,ADDED,C01,Added Requirement,Yes,90,New content added: defined in paragraph 53(2) of these Directions;,,,,25,,defined in paragraph 53(2) of these Directions;,,,
CHG-0483,HIGH,ADDED,C01,Added Requirement,Yes,90,New content added: (iv),,,,25,(iv),(iv) delegation of authority depending on risk and materiality;,,,
CHG-0484,HIGH,ADDED,C01,Added Requirement,Yes,90,"New content added: (v)
disaster recovery and business continuity plans;",,,,25,,"(v)
disaster recovery and business continuity plans;",,,
CHG-0485,HIGH,ADDED,C01,Added Requirement,Yes,90,New content added: (vi),,,,25,(vi),(vi) systems to monitor and review the operations of these services; and,,,
CHG-0486,HIGH,ADDED,C01,Added Requirement,Yes,90,New content added: (vii),,,,25,(vii),"(vii) termination processes and exit strategies, including business continuity in the",,,
CHG-0487,HIGH,ADDED,C01,Added Requirement,Yes,90,New content added: event of a service provider exiting the outsourcing arrangement.,,,,25,,event of a service provider exiting the outsourcing arrangement.,,,
CHG-0488,HIGH,ADDED,C01,Added Requirement,Yes,90,New content added: C.2 Role of Senior Management,,,,25,,C.2 Role of Senior Management,,,
CHG-0489,HIGH,ADDED,C01,Added Requirement,Yes,90,"New content added: (i)
formulating IT outsourcing policies and procedures, evaluating the risks and",,,,25,,"(i)
formulating IT outsourcing policies and procedures, evaluating the risks and materiality of all existing and prospective IT outsourcing arrangements based on the framework commensurate with the complexity, nature, and scope, in line with the enterprise-wide risk management of the bank approved by the",,,
CHG-0490,HIGH,ADDED,C01,Added Requirement,Yes,90,New content added: Board and its implementation;,,,,26,,Board and its implementation;,,,
CHG-0491,HIGH,ADDED,C01,Added Requirement,Yes,90,New content added: managing and reporting of such risks to the Board or a Committee of the,,,,26,,managing and reporting of such risks to the Board or a Committee of the,,,
CHG-0492,HIGH,ADDED,C01,Added Requirement,Yes,90,New content added: (iv),,,,26,(iv),(iv) ensuring that suitable business continuity plans based on realistic and,,,
CHG-0493,HIGH,ADDED,C01,Added Requirement,Yes,90,"New content added: probable disruptive scenarios, including exit of any service provider, are in pl",,,,26,,"probable disruptive scenarios, including exit of any service provider, are in place and tested periodically;",,,
CHG-0494,HIGH,ADDED,C01,Added Requirement,Yes,90,"New content added: (v)
ensuring (a) effective oversight over the service provider (and its subcontr",,,,26,,"(v)
ensuring (a) effective oversight over the service provider (and its subcontractors) for data confidentiality, and (b) appropriate redressal of customer grievances in a timely manner;",,,
CHG-0495,HIGH,ADDED,C01,Added Requirement,Yes,90,New content added: (vi),,,,26,(vi),(vi) ensuring an independent review and audit on a periodic basis for compliance,,,
CHG-0496,HIGH,ADDED,C01,Added Requirement,Yes,90,New content added: oversight of outsourced services.,,,,26,,oversight of outsourced services.,,,
CHG-0497,HIGH,ADDED,C01,Added Requirement,Yes,90,New content added: C.3 Role of IT Function,,,,26,,C.3 Role of IT Function,,,
CHG-0498,HIGH,ADDED,C01,Added Requirement,Yes,90,New content added: 59,,,,26,59,"59. The responsibilities of the IT Function of a bank shall, inter alia, include:",,,
CHG-0499,HIGH,ADDED,C01,Added Requirement,Yes,90,"New content added: mitigating, and managing the level of IT outsourcing risk in the bank;",,,,26,,"mitigating, and managing the level of IT outsourcing risk in the bank;",,,
CHG-0500,HIGH,ADDED,C01,Added Requirement,Yes,90,New content added: (2),,,,26,(2),(2) ensuring that a central database of all IT outsourcing arrangements is,,,
CHG-0501,HIGH,ADDED,C01,Added Requirement,Yes,90,"New content added: maintained and is accessible for review by Board, Senior Management, auditors, a",,,,26,,"maintained and is accessible for review by Board, Senior Management, auditors, and supervisors;",,,
CHG-0502,HIGH,ADDED,C01,Added Requirement,Yes,90,New content added: the service provider meets the laid down performance standards and provides unin,,,,27,,"the service provider meets the laid down performance standards and provides uninterrupted services, reporting to the Senior Management, co-ordinating periodic due diligence, and highlighting concerns, if any; and",,,
CHG-0503,HIGH,ADDED,C01,Added Requirement,Yes,90,New content added: (4),,,,27,(4),(4) putting in place necessary documentation required for contractual agreements,,,
CHG-0504,HIGH,ADDED,C01,Added Requirement,Yes,90,New content added: 62,,,,27,62,62. A bank shall effectively assess the impact of concentration risk posed by multiple,,,
CHG-0505,HIGH,ADDED,C01,Added Requirement,Yes,90,New content added: D.2 Confidentiality and Security of Information,,,,27,,D.2 Confidentiality and Security of Information,,,
CHG-0506,HIGH,ADDED,C01,Added Requirement,Yes,90,New content added: 63,,,,27,63,"63. A bank shall be responsible for the confidentiality, and integrity of data and",,,
CHG-0507,HIGH,ADDED,C01,Added Requirement,Yes,90,New content added: 64,,,,27,64,"64. In this regard, a bank shall adhere to directions stated in paragraph 23 to",,,
CHG-0508,HIGH,ADDED,C01,Added Requirement,Yes,90,New content added: paragraph 26 of these Directions and additionally ensure that:,,,,27,,paragraph 26 of these Directions and additionally ensure that:,,,
CHG-0509,HIGH,ADDED,C01,Added Requirement,Yes,90,New content added: (2),,,,28,(2),(2) in the event of multiple service provider relationships where two or more,,,
CHG-0510,HIGH,ADDED,C01,Added Requirement,Yes,90,New content added: 65,,,,28,65,"65. With regard to requirement that the data should not be combined or comingled, as",,,
CHG-0511,HIGH,ADDED,C01,Added Requirement,Yes,90,New content added: E. Outsourcing Process,,,,28,,E. Outsourcing Process,,,
CHG-0512,HIGH,ADDED,C01,Added Requirement,Yes,90,"New content added: of financial services contained in paragraph 29 to paragraph 31 shall apply, mut",,,,28,,"of financial services contained in paragraph 29 to paragraph 31 shall apply, mutatis mutandis, to outsourcing of IT services, with the following additional considerations:",,,
CHG-0513,HIGH,ADDED,C01,Added Requirement,Yes,90,"New content added: (i)
technology, infrastructural stability, data backup arrangements, and disaste",,,,28,,"(i)
technology, infrastructural stability, data backup arrangements, and disaster recovery plan;",,,
CHG-0514,HIGH,ADDED,C01,Added Requirement,Yes,90,"New content added: (ii)
conflict of interest, if any;",,,,28,,"(ii)
conflict of interest, if any;",,,
CHG-0515,HIGH,ADDED,C01,Added Requirement,Yes,90,New content added: (iii),,,,28,(iii),"(iii) capability to identify, and segregate bank's data;",,,
CHG-0516,HIGH,ADDED,C01,Added Requirement,Yes,90,New content added: (iv),,,,29,(iv),(iv) capability to comply with the regulatory and legal requirements of the,,,
CHG-0517,HIGH,ADDED,C01,Added Requirement,Yes,90,New content added: outsourcing arrangement;,,,,29,,outsourcing arrangement;,,,
CHG-0518,HIGH,ADDED,C01,Added Requirement,Yes,90,"New content added: (v)
information / cyber security risk assessment;",,,,29,,"(v)
information / cyber security risk assessment;",,,
CHG-0519,HIGH,ADDED,C01,Added Requirement,Yes,90,New content added: (vi),,,,29,(vi),"(vi) ensuring that appropriate controls, assurance requirements, and possible",,,
CHG-0520,HIGH,ADDED,C01,Added Requirement,Yes,90,New content added: (vii),,,,29,(vii),"(vii) ability to effectively service all the customers while maintaining confidentiality,",,,
CHG-0521,HIGH,ADDED,C01,Added Requirement,Yes,90,New content added: especially where a service provider has exposure to multiple entities; and,,,,29,,especially where a service provider has exposure to multiple entities; and,,,
CHG-0522,HIGH,ADDED,C01,Added Requirement,Yes,90,"New content added: those relating to aspects such as data storage, data protection, and confidentia",,,,29,,"those relating to aspects such as data storage, data protection, and confidentiality.",,,
CHG-0523,HIGH,ADDED,C01,Added Requirement,Yes,90,New content added: 67,,,,29,67,67. A bank should adopt a risk-based approach in conducting such due diligence,,,
CHG-0524,HIGH,ADDED,C01,Added Requirement,Yes,90,New content added: activities.,,,,29,,activities.,,,
CHG-0525,HIGH,ADDED,C01,Added Requirement,Yes,90,New content added: 68,,,,29,68,68. A bank shall ensure that its rights and obligations and those of each service,,,
CHG-0526,HIGH,ADDED,C01,Added Requirement,Yes,90,New content added: 69,,,,29,69,69. In addition to the requirements specified in subparagraphs (i) to (vii) of paragraph,,,
CHG-0527,HIGH,ADDED,C11,Scope Change,Yes,90,"New content added: 34, a bank shall also include at minimum (as applicable to the scope of Directio",,,,29,,"34, a bank shall also include at minimum (as applicable to the scope of Directions in this Chapter) the following aspects in any agreement for outsourcing of IT services:",,,
CHG-0528,HIGH,ADDED,C01,Added Requirement,Yes,90,"New content added: (i)
provisions covering service provider's subcontractors with respect to servic",,,,29,,"(i)
provisions covering service provider's subcontractors with respect to service and performance standards [subparagraph (i) of paragraph 34] and bank's right to conduct audits [subparagraph (vii) of paragraph 34];",,,
CHG-0529,HIGH,ADDED,C01,Added Requirement,Yes,90,"New content added: (ii)
access by the bank to all data, books, records, information logs, alerts, a",,,,30,,"(ii)
access by the bank to all data, books, records, information logs, alerts, and business premises relevant to the outsourced service, available with the service provider;",,,
CHG-0530,HIGH,ADDED,C01,Added Requirement,Yes,90,"New content added: (iii)
type of material adverse events (e.g., data breaches, denial of service, a",,,,30,,"(iii)
type of material adverse events (e.g., data breaches, denial of service, and service unavailability, relevant to the outsourced services) and the incidents required to be reported to the bank, to enable the bank to take prompt risk mitigation measures, and ensure compliance with statutory and regulatory guidelines;",,,
CHG-0531,HIGH,ADDED,C01,Added Requirement,Yes,90,"New content added: (v)
the deliverables including Service Level Agreements (SLAs) formalising perfo",,,,30,,"(v)
the deliverables including Service Level Agreements (SLAs) formalising performance criteria to measure the quality and quantity of service levels;",,,
CHG-0532,HIGH,ADDED,C01,Added Requirement,Yes,90,"New content added: (vi)
storage of data only in India (as applicable) as per extant regulatory requ",,,,30,,"(vi)
storage of data only in India (as applicable) as per extant regulatory requirements;",,,
CHG-0533,HIGH,ADDED,C01,Added Requirement,Yes,90,New content added: (viii),,,,30,(viii),(viii) types of data / information that the service provider (vendor) is permitted to,,,
CHG-0534,HIGH,ADDED,C01,Added Requirement,Yes,90,New content added: share with bank's customer and / or any other party;,,,,30,,share with bank's customer and / or any other party;,,,
CHG-0535,HIGH,ADDED,C01,Added Requirement,Yes,90,"New content added: (ix)
the resolution process, events of default, indemnities, remedies, and recou",,,,30,,"(ix)
the resolution process, events of default, indemnities, remedies, and recourse available to the respective parties;",,,
CHG-0536,HIGH,ADDED,C01,Added Requirement,Yes,90,"New content added: (x)
contingency plan(s) to ensure testing requirements;",,,,30,,"(x)
contingency plan(s) to ensure testing requirements;",,,
CHG-0537,HIGH,ADDED,C01,Added Requirement,Yes,90,New content added: (xiii),,,,31,(xiii),(xiii) clauses making the service provider contractually liable for the performance,,,
CHG-0538,HIGH,ADDED,C01,Added Requirement,Yes,90,New content added: and risk management practices of its subcontractors;,,,,31,,and risk management practices of its subcontractors;,,,
CHG-0539,HIGH,ADDED,C01,Added Requirement,Yes,90,"New content added: in relation to the services outsourced to the service provider, through specific",,,,31,,"in relation to the services outsourced to the service provider, through specific contractual terms and conditions specified by the bank;",,,
CHG-0540,HIGH,ADDED,C01,Added Requirement,Yes,90,"New content added: (xv)
termination rights of the bank, including the ability to orderly transfer t",,,,31,,"(xv)
termination rights of the bank, including the ability to orderly transfer the proposed outsourcing arrangement to another service provider, if necessary or desirable;",,,
CHG-0541,HIGH,ADDED,C01,Added Requirement,Yes,90,New content added: (xvi),,,,31,(xvi),(xvi) obligation of the service provider to co-operate with the relevant authorities,,,
CHG-0542,HIGH,ADDED,C01,Added Requirement,Yes,90,New content added: in case of insolvency or resolution of the bank;,,,,31,,in case of insolvency or resolution of the bank;,,,
CHG-0543,HIGH,ADDED,C01,Added Requirement,Yes,90,New content added: (xvii),,,,31,(xvii),(xvii) provision to consider skilled resources of service provider who provide core,,,
CHG-0544,HIGH,ADDED,C01,Added Requirement,Yes,90,New content added: services as 'essential personnel' so that a limited number of staff with back- u,,,,31,,services as 'essential personnel' so that a limited number of staff with back- up arrangements necessary to operate critical functions can work on-site during exigencies (including pandemic situations);,,,
CHG-0545,HIGH,ADDED,C01,Added Requirement,Yes,90,New content added: (xviii),,,,31,(xviii),(xviii) clause requiring suitable back-to-back arrangements between service,,,
CHG-0546,HIGH,ADDED,C01,Added Requirement,Yes,90,New content added: providers and the OEMs; and,,,,31,,providers and the OEMs; and,,,
CHG-0547,HIGH,ADDED,C01,Added Requirement,Yes,90,New content added: (xix),,,,31,(xix),(xix) clause requiring non-disclosure agreement with respect to information,,,
CHG-0548,HIGH,ADDED,C01,Added Requirement,Yes,90,New content added: retained by the service provider.,,,,31,,retained by the service provider.,,,
CHG-0549,HIGH,ADDED,C01,Added Requirement,Yes,90,New content added: E.3 Monitoring and Control of Outsourced Services,,,,31,,E.3 Monitoring and Control of Outsourced Services,,,
CHG-0550,HIGH,ADDED,C01,Added Requirement,Yes,90,New content added: 71,,,,31,71,71. A bank shall conduct regular audits (as applicable to the scope of Directions in this,,,
CHG-0551,HIGH,ADDED,C01,Added Requirement,Yes,90,New content added: 72,,,,32,72,"72. While outsourcing various IT services, more than one RE may be availing services",,,
CHG-0552,HIGH,ADDED,C01,Added Requirement,Yes,90,New content added: 73,,,,32,73,"73. The audits shall assess, inter alia, the performance of the service provider,",,,
CHG-0553,HIGH,ADDED,C01,Added Requirement,Yes,90,New content added: 74,,,,32,74,"74. A bank, depending upon the risk assessment, may also rely upon globally",,,
CHG-0554,HIGH,ADDED,C01,Added Requirement,Yes,90,New content added: recognised third-party certifications made available by the service provider in ,,,,32,,"recognised third-party certifications made available by the service provider in lieu of conducting independent audits. However, this shall not absolve the bank of its responsibility in ensuring assurance on the controls and procedures required to safeguard data security (including availability of systems) at the service provider's end.",,,
CHG-0555,HIGH,ADDED,C01,Added Requirement,Yes,90,New content added: 75,,,,32,75,75. A bank shall periodically review the financial and operational condition of the,,,
CHG-0556,HIGH,ADDED,C01,Added Requirement,Yes,90,New content added: 76,,,,32,76,76. A bank shall ensure that the service provider grants unrestricted and effective,,,
CHG-0557,HIGH,ADDED,C01,Added Requirement,Yes,90,New content added: access to (a) data related to the outsourced services; (b) the relevant business,,,,32,,"access to (a) data related to the outsourced services; (b) the relevant business premises of the service provider; subject to appropriate security protocols, for the purpose of effective oversight by the bank, its auditors, RBI, and other relevant",,,
CHG-0558,HIGH,ADDED,C01,Added Requirement,Yes,90,New content added: E.5 Business Continuity and Management of Disaster Recovery Plan,,,,33,,E.5 Business Continuity and Management of Disaster Recovery Plan,,,
CHG-0559,HIGH,ADDED,C01,Added Requirement,Yes,90,New content added: 78,,,,33,78,78. The Directions regarding 'Business Continuity and Management of Disaster,,,
CHG-0560,HIGH,ADDED,C01,Added Requirement,Yes,90,New content added: Recovery Plan' as applicable to outsourcing of financial services contained in p,,,,33,,"Recovery Plan' as applicable to outsourcing of financial services contained in paragraph 4140 to paragraph 43 shall apply, mutatis mutandis, to outsourcing of IT services. The Business Continuity Plan (BCP) and Disaster Recovery Plan (DRP) for outsourced IT services shall be commensurate with the nature and scope of the outsourced service as per extant instructions issued by RBI from time to time on",,,
CHG-0561,HIGH,ADDED,C01,Added Requirement,Yes,90,New content added: BCP / DR requirements.,,,,33,,BCP / DR requirements.,,,
CHG-0562,HIGH,ADDED,C01,Added Requirement,Yes,90,New content added: 79,,,,33,79,79. The IT outsourcing policy shall contain a clear exit strategy for ensuring business,,,
CHG-0563,HIGH,ADDED,C01,Added Requirement,Yes,90,New content added: continuity during and after exit.,,,,33,,continuity during and after exit.,,,
CHG-0564,HIGH,ADDED,C01,Added Requirement,Yes,90,"New content added: services with stipulation of minimum period to execute such plans, as necessary.",,,,33,,"services with stipulation of minimum period to execute such plans, as necessary.",,,
CHG-0565,HIGH,ADDED,C01,Added Requirement,Yes,90,New content added: 81,,,,33,81,"81. In documenting its exit strategy, a bank shall, inter alia, identify alternative",,,
CHG-0566,HIGH,ADDED,C01,Added Requirement,Yes,90,"New content added: arrangements, which may include performing the service by a different service pr",,,,33,,"arrangements, which may include performing the service by a different service provider, or by the bank itself.",,,
CHG-0567,HIGH,ADDED,C01,Added Requirement,Yes,90,New content added: 82,,,,33,82,82. A bank shall ensure that outsourcing agreements have necessary clauses on safe,,,
CHG-0568,HIGH,ADDED,C01,Added Requirement,Yes,90,New content added: 83,,,,34,83,83. A service provider shall be legally obliged to cooperate fully with both the bank and,,,
CHG-0569,HIGH,ADDED,C01,Added Requirement,Yes,90,New content added: its new service provider(s) to ensure there is a smooth transition.,,,,34,,its new service provider(s) to ensure there is a smooth transition.,,,
CHG-0570,HIGH,ADDED,C01,Added Requirement,Yes,90,New content added: E.7 Termination,,,,34,,E.7 Termination,,,
CHG-0571,HIGH,ADDED,C01,Added Requirement,Yes,90,"New content added: where the service provider deals with the customers of the bank, the same shall ",,,,34,,"where the service provider deals with the customers of the bank, the same shall be given due publicity by the bank so as to ensure that the customers stop dealing with the concerned service provider.",,,
CHG-0572,HIGH,ADDED,C01,Added Requirement,Yes,90,New content added: provided that such an arrangement is backed by the Board-approved policy and app,,,,34,,provided that such an arrangement is backed by the Board-approved policy and appropriate SLAs / agreements with its group entities are in place.,,,
CHG-0573,HIGH,ADDED,C01,Added Requirement,Yes,90,New content added: 86,,,,34,86,86. The selection of a group entity shall be based on objective reasons that are similar,,,
CHG-0574,HIGH,ADDED,C01,Added Requirement,Yes,90,"New content added: to selection of a third-party, and the bank shall appropriately deal with any co",,,,34,,"to selection of a third-party, and the bank shall appropriately deal with any conflicts of interest that such an outsourcing arrangement may entail.",,,
CHG-0575,HIGH,ADDED,C01,Added Requirement,Yes,90,New content added: 87,,,,34,87,"87. A bank, at all times, shall maintain an arm's length relationship in dealings with its",,,
CHG-0576,HIGH,ADDED,C01,Added Requirement,Yes,90,New content added: 88,,,,34,88,"88. In principle, outsourcing arrangements shall only be entered into with parties",,,
CHG-0577,HIGH,ADDED,C01,Added Requirement,Yes,90,New content added: operating in jurisdictions that uphold confidentiality clauses and agreements.,,,,34,,operating in jurisdictions that uphold confidentiality clauses and agreements.,,,
CHG-0578,HIGH,ADDED,C01,Added Requirement,Yes,90,New content added: 89,,,,34,89,"89. While engaging with service provider(s) in a foreign country, a bank shall:",,,
CHG-0579,HIGH,ADDED,C01,Added Requirement,Yes,90,"New content added: (ii)
clearly specify the governing law of the outsourcing arrangement;",,,,35,,"(ii)
clearly specify the governing law of the outsourcing arrangement;",,,
CHG-0580,HIGH,ADDED,C01,Added Requirement,Yes,90,New content added: (iii),,,,35,(iii),(iii) ensure that availability of records to the bank and the RBI will not be affected,,,
CHG-0581,HIGH,ADDED,C01,Added Requirement,Yes,90,New content added: even in case of liquidation of the service provider;,,,,35,,even in case of liquidation of the service provider;,,,
CHG-0582,HIGH,ADDED,C01,Added Requirement,Yes,90,New content added: (iv),,,,35,(iv),(iv) ensure the right of the bank and RBI to direct and conduct audit or inspection,,,
CHG-0583,HIGH,ADDED,C01,Added Requirement,Yes,90,New content added: of the service provider based in a foreign jurisdiction; and,,,,35,,of the service provider based in a foreign jurisdiction; and,,,
CHG-0584,HIGH,ADDED,C01,Added Requirement,Yes,90,New content added: 90,,,,35,90,90. Considering the risks associated with outsourcing of Security Operations Centre,,,
CHG-0585,HIGH,ADDED,C01,Added Requirement,Yes,90,"New content added: (e.g., systems, software, source code, processes, and concepts);",,,,35,,"(e.g., systems, software, source code, processes, and concepts);",,,
CHG-0586,HIGH,ADDED,C01,Added Requirement,Yes,90,New content added: (specific to the bank);,,,,35,,(specific to the bank);,,,
CHG-0587,HIGH,ADDED,C01,Added Requirement,Yes,90,New content added: (iii),,,,35,(iii),"(iii) assess SOC functioning, including all physical facilities involved in service",,,
CHG-0588,HIGH,ADDED,C01,Added Requirement,Yes,90,New content added: bank's incident response process; and,,,,35,,bank's incident response process; and,,,
CHG-0589,HIGH,ADDED,C01,Added Requirement,Yes,90,"New content added: (v)
review the process of handling of the alerts or events.",,,,35,,"(v)
review the process of handling of the alerts or events.",,,
CHG-0590,HIGH,ADDED,C01,Added Requirement,Yes,90,New content added: (1),,,,36,(1),(1) Example - 1: (i) Some cloud services are:,,,
CHG-0591,HIGH,ADDED,C01,Added Requirement,Yes,90,"New content added: storage, network, and other basic resources so that the client can develop and d",,,,36,,"storage, network, and other basic resources so that the client can develop and deploy their applications.",,,
CHG-0592,HIGH,ADDED,C01,Added Requirement,Yes,90,"New content added: building application, middleware, database, development environment, and other t",,,,36,,"building application, middleware, database, development environment, and other tools along with the infrastructure to the client.",,,
CHG-0593,HIGH,ADDED,C01,Added Requirement,Yes,90,New content added: (c),,,,36,(c),(c) Software as a Service (SaaS): Client uses the application(s) provided,,,
CHG-0594,HIGH,ADDED,C01,Added Requirement,Yes,90,New content added: by the service provider on a cloud infrastructure.,,,,36,,by the service provider on a cloud infrastructure.,,,
CHG-0595,HIGH,ADDED,C01,Added Requirement,Yes,90,New content added: (2),,,,36,(2),(2) Example - 2: Some of the popular deployment models for delivery of cloud,,,
CHG-0596,HIGH,ADDED,C01,Added Requirement,Yes,90,"New content added: services are Private Cloud, Public Cloud, Hybrid Cloud, and Community",,,,36,,"services are Private Cloud, Public Cloud, Hybrid Cloud, and Community",,,
CHG-0597,HIGH,ADDED,C01,Added Requirement,Yes,90,New content added: 92,,,,36,92,"92. Considering the varied services, benefits, and risk profiles associated with the",,,
CHG-0598,HIGH,ADDED,C01,Added Requirement,Yes,90,New content added: (i),,,,36,(i),(i) undertake a comprehensive assessment of its business strategy and goals,,,
CHG-0599,HIGH,ADDED,C01,Added Requirement,Yes,90,New content added: (ii),,,,37,(ii),"(ii) ensure, inter alia, that the 'IT outsourcing policy', referred to in paragraph 57 of",,,
CHG-0600,HIGH,ADDED,C01,Added Requirement,Yes,90,New content added: (iii),,,,37,(iii),"(iii) take into account cloud service specific factors, viz., multi-tenancy, and multi-",,,
CHG-0601,HIGH,ADDED,C01,Added Requirement,Yes,90,New content added: (iv),,,,37,(iv),"(iv) implement necessary controls by referring to the cloud security best practices,",,,
CHG-0602,HIGH,ADDED,C01,Added Requirement,Yes,90,New content added: as per applicability of the shared responsibility model between the bank and the,,,,37,,as per applicability of the shared responsibility model between the bank and the Cloud Service Provider (CSP);,,,
CHG-0603,HIGH,ADDED,C01,Added Requirement,Yes,90,"New content added: For cloud security best practices, a bank may refer to, inter alia, NIST SP 800-",,,,37,,"For cloud security best practices, a bank may refer to, inter alia, NIST SP 800-",,,
CHG-0604,HIGH,ADDED,C01,Added Requirement,Yes,90,"New content added: (a)
identify the services that can be moved to the cloud;",,,,37,,"(a)
identify the services that can be moved to the cloud;",,,
CHG-0605,HIGH,ADDED,C01,Added Requirement,Yes,90,"New content added: (b)
enable and support protection of various stakeholder interests;",,,,37,,"(b)
enable and support protection of various stakeholder interests;",,,
CHG-0606,HIGH,ADDED,C01,Added Requirement,Yes,90,"New content added: (d)
provide for appropriate due diligence to manage and continually monitor the ",,,,37,,"(d)
provide for appropriate due diligence to manage and continually monitor the risks associated with CSPs;",,,
CHG-0607,HIGH,ADDED,C01,Added Requirement,Yes,90,New content added: (vi),,,,38,(vi),(vi) ensure that the selection of a CSP is based on a comprehensive risk,,,
CHG-0608,HIGH,ADDED,C01,Added Requirement,Yes,90,New content added: (vii),,,,38,(vii),(vii) ensure that the service and technology architecture supporting cloud-based,,,
CHG-0609,HIGH,ADDED,C01,Added Requirement,Yes,90,"New content added: (a)
provide for a standard set of tools and processes to manage containers, imag",,,,38,,"(a)
provide for a standard set of tools and processes to manage containers, images, and releases;",,,
CHG-0610,HIGH,ADDED,C01,Added Requirement,Yes,90,"New content added: (b)
provide for a secure container-based data management, where encryption keys ",,,,38,,"(b)
provide for a secure container-based data management, where encryption keys and Hardware Security Modules are under the control of the bank;",,,
CHG-0611,HIGH,ADDED,C01,Added Requirement,Yes,90,"New content added: (c)
be protected against data integrity and confidentiality risks, and against c",,,,38,,"(c)
be protected against data integrity and confidentiality risks, and against co-mingling of data, in case of multi-tenancy environments; and",,,
CHG-0612,HIGH,ADDED,C01,Added Requirement,Yes,90,New content added: (viii),,,,38,(viii),(viii) agree upon the Identity and Access Management (IAM) with the CSP and,,,
CHG-0613,HIGH,ADDED,C01,Added Requirement,Yes,90,"New content added: ensure that role-based access to the cloud hosted applications, both in respect ",,,,38,,"ensure that role-based access to the cloud hosted applications, both in respect of user-access and privileged-access, is provided. The bank shall:",,,
CHG-0614,HIGH,ADDED,C01,Added Requirement,Yes,90,"New content added: (a)
establish stringent access controls, as applicable for an on-premises applic",,,,38,,"(a)
establish stringent access controls, as applicable for an on-premises application, for IAM for cloud-based applications;",,,
CHG-0615,HIGH,ADDED,C01,Added Requirement,Yes,90,"New content added: (c)
ensure that access provisioning is governed by principles of 'need to know',",,,,38,,"(c)
ensure that access provisioning is governed by principles of 'need to know', and 'least privileges'; and",,,
CHG-0616,HIGH,ADDED,C01,Added Requirement,Yes,90,"New content added: (d)
implement
multi-factor
authentication
for
access
to
cloud applications;",,,,39,,"(d)
implement
multi-factor
authentication
for
access
to
cloud applications;",,,
CHG-0617,HIGH,ADDED,C01,Added Requirement,Yes,90,New content added: application achieves similar or higher degree of control objectives than those a,,,,39,,"application achieves similar or higher degree of control objectives than those achieved in or by an on-premises application. This includes ensuring secure connection through appropriate deployment of network security resources and their configurations; appropriate and secure configurations, monitoring of the cloud assets utilised by the bank, and necessary procedures to authorise changes to cloud applications and related resources;",,,
CHG-0618,HIGH,ADDED,C01,Added Requirement,Yes,90,"New content added: (a)
maintains an information security policy framework commensurate with its exp",,,,39,,"(a)
maintains an information security policy framework commensurate with its exposures to vulnerabilities and threats;",,,
CHG-0619,HIGH,ADDED,C01,Added Requirement,Yes,90,"New content added: (b)
is able to maintain its information / cyber security capability with respect",,,,39,,"(b)
is able to maintain its information / cyber security capability with respect to changes in vulnerabilities and threats, including those resulting from changes to information assets, or its business environment;",,,
CHG-0620,HIGH,ADDED,C01,Added Requirement,Yes,90,"New content added: (c)
has set the nature and frequency of testing of controls in respect of the ou",,,,39,,"(c)
has set the nature and frequency of testing of controls in respect of the outsourced services commensurate with the materiality of the services being outsourced by the bank and the threat environment; and",,,
CHG-0621,HIGH,ADDED,C01,Added Requirement,Yes,90,"New content added: (d)
has mechanisms in place to assess the subcontractors with regards to confide",,,,39,,"(d)
has mechanisms in place to assess the subcontractors with regards to confidentiality, integrity, and availability of the data being shared with them, where applicable;",,,
CHG-0622,HIGH,ADDED,C01,Added Requirement,Yes,90,New content added: (xi),,,,39,(xi),(xi) ensure appropriate integration of logs and events from the CSP into the,,,
CHG-0623,HIGH,ADDED,C01,Added Requirement,Yes,90,New content added: (xii),,,,40,(xii),(xii) ensure that the cyber resilience controls of the CSP complement the bank's,,,
CHG-0624,HIGH,ADDED,C01,Added Requirement,Yes,90,New content added: (xiii),,,,40,(xiii),(xiii) ensure that the CSP has a well-governed and structured approach to,,,
CHG-0625,HIGH,ADDED,C01,Added Requirement,Yes,90,New content added: manage threats and vulnerabilities supported by requisite industry-specific thre,,,,40,,manage threats and vulnerabilities supported by requisite industry-specific threat intelligence capabilities;,,,
CHG-0626,HIGH,ADDED,C01,Added Requirement,Yes,90,New content added: (xiv),,,,40,(xiv),(xiv) ensure that the business continuity framework provides for continued,,,
CHG-0627,HIGH,ADDED,C01,Added Requirement,Yes,90,New content added: (xv),,,,40,(xv),(xv) ensure that the CSP has put in place demonstrative capabilities for,,,
CHG-0628,HIGH,ADDED,C01,Added Requirement,Yes,90,"New content added: (b)
include exit plans which align with the ongoing design of applications and s",,,,40,,"(b)
include exit plans which align with the ongoing design of applications and service delivery technology stack;",,,
CHG-0629,HIGH,ADDED,C01,Added Requirement,Yes,90,"New content added: (d)
include clauses for prompt take-over of all records of transactions, custome",,,,41,,"(d)
include clauses for prompt take-over of all records of transactions, customer and operational information, and configuration data, in a systematic manner from the CSP, and purging at the CSP end, and ensuring independent assurance before signing off from the CSP.;",,,
CHG-0630,HIGH,ADDED,C01,Added Requirement,Yes,90,New content added: (xvii),,,,41,(xvii),"(xvii) ensure that the audit / periodic review / third-party certifications cover, as per",,,
CHG-0631,HIGH,ADDED,C01,Added Requirement,Yes,90,New content added: G. Redressal of Grievances related to Outsourced Services,,,,41,,G. Redressal of Grievances related to Outsourced Services,,,
CHG-0632,HIGH,ADDED,C01,Added Requirement,Yes,90,"New content added: compromised in any manner on account of outsourcing, i.e., responsibility for re",,,,41,,"compromised in any manner on account of outsourcing, i.e., responsibility for redressal of customers' grievances related to outsourced services shall rest with the bank.",,,
CHG-0633,HIGH,ADDED,C01,Added Requirement,Yes,90,New content added: 94,,,,41,94,94. Outsourcing arrangements entered into by a bank shall not affect the rights of its,,,
CHG-0634,HIGH,ADDED,C01,Added Requirement,Yes,90,"New content added: customers against the bank, including the ability of the customers to obtain red",,,,41,,"customers against the bank, including the ability of the customers to obtain redressal as applicable under relevant laws.",,,
CHG-0635,HIGH,ADDED,C01,Added Requirement,Yes,90,New content added: A. Repeal and saving,,,,42,,A. Repeal and saving,,,
CHG-0636,HIGH,ADDED,C01,Added Requirement,Yes,90,New content added: 95,,,,42,95,"95. With the issue of these Directions, the existing Directions, instructions, and",,,
CHG-0637,HIGH,ADDED,C01,Added Requirement,Yes,90,"New content added: Directions, instructions, and guidelines repealed prior to the issuance of these",,,,42,,"Directions, instructions, and guidelines repealed prior to the issuance of these",,,
CHG-0638,HIGH,ADDED,C01,Added Requirement,Yes,90,New content added: Directions shall continue to remain repealed.,,,,42,,Directions shall continue to remain repealed.,,,
CHG-0639,HIGH,ADDED,C01,Added Requirement,Yes,90,New content added: 96,,,,42,96,"96. Notwithstanding such repeal, any action taken or purported to have been taken, or",,,
CHG-0640,HIGH,ADDED,C01,Added Requirement,Yes,90,"New content added: initiated under the repealed Directions, instructions, or guidelines shall conti",,,,42,,"initiated under the repealed Directions, instructions, or guidelines shall continue to be governed by the provisions thereof. All approvals or acknowledgments granted under these repealed lists shall be deemed as governed by these",,,
CHG-0641,HIGH,ADDED,C01,Added Requirement,Yes,90,"New content added: Directions. Further, the repeal of these Directions, instructions, or guidelines",,,,42,,"Directions. Further, the repeal of these Directions, instructions, or guidelines shall not in any way prejudicially affect:",,,
CHG-0642,HIGH,ADDED,C01,Added Requirement,Yes,90,New content added: (1),,,,42,(1),"(1) any right, obligation or liability acquired, accrued, or incurred thereunder;",,,
CHG-0643,HIGH,ADDED,C01,Added Requirement,Yes,90,New content added: (2),,,,42,(2),"(2) any, penalty, forfeiture, or punishment incurred in respect of any contravention",,,
CHG-0644,HIGH,ADDED,C01,Added Requirement,Yes,90,New content added: committed thereunder;,,,,42,,committed thereunder;,,,
CHG-0645,HIGH,ADDED,C01,Added Requirement,Yes,90,New content added: (3),,,,42,(3),"(3) any investigation, legal proceeding, or remedy in respect of any such right,",,,
CHG-0646,HIGH,ADDED,C01,Added Requirement,Yes,90,"New content added: privilege, obligation, liability, penalty, forfeiture, or punishment as aforesai",,,,42,,"privilege, obligation, liability, penalty, forfeiture, or punishment as aforesaid; and any such investigation, legal proceedings or remedy may be instituted, continued, or enforced and any such penalty, forfeiture or punishment may be imposed as if those Directions, instructions, or guidelines had not been repealed.",,,
CHG-0647,HIGH,ADDED,C01,Added Requirement,Yes,90,New content added: B. Application of other laws not barred,,,,42,,B. Application of other laws not barred,,,
CHG-0648,HIGH,ADDED,C01,Added Requirement,Yes,90,"New content added: the provisions of any other laws, rules, regulations, or Directions, for the tim",,,,42,,"the provisions of any other laws, rules, regulations, or Directions, for the time being in force.",,,
CHG-0649,HIGH,ADDED,C01,Added Requirement,Yes,90,New content added: C. Interpretations,,,,43,,C. Interpretations,,,
CHG-0650,HIGH,ADDED,C01,Added Requirement,Yes,90,New content added: remove any difficulties in the application or interpretation of the provisions o,,,,43,,remove any difficulties in the application or interpretation of the provisions of these,,,
CHG-0651,HIGH,ADDED,C01,Added Requirement,Yes,90,New content added: (Sunil T S Nair),,,,43,,(Sunil T S Nair),,,
